s2,s3,s4,s11
1407.4507122951684,1571.524806359546,1393.2150526951277,46.78486517531161
1397.9260354824323,1570.9317178323229,1396.9450053694634,46.951016144389534
1409.7153280715104,1544.0871365473997,1394.0261893895486,47.096442317881376
1422.8454478461204,1573.3981961659713,1401.1041804694612,48.42029219246927
1396.48769937915,1594.6565816364348,1411.9717853146192,45.879174037269884
1396.4879456457622,1554.5153576184641,1392.289578428588,45.73047951273101
1423.6881922326108,1600.969653021012,1410.008204977684,48.854929613214466
1411.5115209372937,1589.7554964216868,1392.183279276531,46.306032887178056
1392.9578842109756,1565.3153335605793,1391.5237278750312,45.1054469696344
1408.1384006537894,1577.169407253243,1408.1859461834322,46.272305086850196
1393.048734607813,1611.9664361528207,1409.2193637800763,46.504920897134
1393.0140536964461,1594.6709562701174,1408.5140993676266,49.33244409158865
1403.6294340734905,1580.175673097963,1386.8420259178185,48.38723931856511
1371.300796330133,1575.2463336607802,1395.3404902192794,48.72128092494836
1374.1262325123046,1581.5321814090332,1408.2298859200332,48.22996046352018
1391.5656870613855,1569.764728841154,1400.415418405639,48.419365507422974
1384.8075331949835,1537.9050098856196,1389.2630715380253,45.967876810129525
1404.7137099889292,1620.8435582106947,1404.5831793912544,46.702096766969774
1386.379638867182,1583.106499983988,1392.8519274100854,45.515127030464676
1378.8154444799707,1587.9629453024506,1417.9452484839221,46.68426795419445
1421.9847315338234,1578.841845002462,1415.4484146241825,48.02615748640211
1396.6133554927019,1565.2976639855083,1406.0409742635557,47.20187492721837
1401.012923070319,1576.2815103810246,1413.6100670476978,48.967221228440444
1378.628777206798,1548.0121047561138,1400.647913501234,45.28787631165917
1391.8342591321223,1625.541729961066,1407.65437494375,47.75035752604736
1401.663838845648,1555.309760031552,1414.7772029530208,45.12754579719602
1382.7350963386655,1559.3606743230564,1402.454986817943,47.14126470376046
1405.635470275185,1571.194815912272,1397.4481282848571,48.11050013383472
1390.990419651218,1605.7615144970475,1382.953780418229,46.67824614976367
1395.624593753101,1580.2901799852532,1399.168664742785,47.82668990613043
1390.974400816559,1555.2772840793907,1408.234231845623,45.5604014977506
1427.7841727676341,1605.086767215147,1409.4563342756762,44.504465032705426
1399.797541628931,1594.6200125357095,1405.0436506571841,47.835544433731705
1384.1343360656615,1590.768699144329,1394.5870090503777,49.616015351113596
1412.338173681548,1594.3146848234169,1380.231784310524,45.505932589745164
1381.6873452504346,1627.887238011649,1395.0478490199525,48.833291270160196
1403.1329539250714,1623.7018979007223,1396.9565512894605,47.06513511322461
1370.6049481418033,1566.265693139934,1396.8707103281,44.99646271746039
1380.0772092665236,1612.4776998562231,1406.1855635697793,45.302742047971755
1402.9529185380368,1587.663363795178,1419.8567641101483,47.023677160040975
1411.0769986999312,1589.981916322755,1401.235292018411,46.39330656811384
1402.5705242178497,1546.1545833671335,1397.8326821084354,45.03063053486264
1398.2652757641763,1576.592284692236,1397.407781869959,44.45894107816189
1395.4834445661606,1563.7435281932687,1401.2438476690772,45.72992100811024
1377.8221701444886,1596.5611762978663,1391.717062396516,47.29071351249668
1389.2023368740793,1601.4216100080562,1401.2019855874605,46.990398871095294
1393.0904184356032,1538.5102729796738,1404.508123363318,46.248143063749886
1415.8568333932838,1579.5593027199145,1402.0968606357449,47.30283079143722
1405.1542743435268,1602.437230095885,1404.5754193400478,48.56004007979403
1373.554397669559,1576.2664207537312,1404.3374760934853,47.59118976565122
1404.861259540922,1594.5812729000472,1382.2810331775356,46.81803699291563
1394.2237657937553,1587.0233093525417,1406.3687015839541,48.392108009991034
1389.8461699954107,1586.8332046390526,1393.2898515433756,45.560224546675556
1409.175144332613,1574.573700438634,1389.0416083699604,46.66262069066697
1415.4649928374392,1555.6683839172858,1388.95548172145,46.698368096599445
1413.969201786743,1557.5693970514994,1404.3354161047253,45.144570112335735
1387.4117371516604,1594.1870502891063,1397.7742507277515,46.37018875657346
1395.3618143622318,1580.3891651103777,1383.1803121601458,43.88756047865704
1404.9689514710535,1577.2297551078555,1404.7803781519228,49.86826707149443
1414.6331769068354,1571.522199153553,1385.6039186920118,45.59387931734553
1392.8123864323206,1573.8962230903849,1401.398213585182,49.37917119713197
1397.2151153500427,1600.9382358897628,1402.3849892567305,47.05712675857924
1383.4049753899096,1573.2951183626394,1408.8557708169506,47.84729619823394
1382.05690063879,1553.1787057339686,1417.8168478646685,46.266800302473605
1412.187887335913,1594.8730355108034,1386.3532367409946,47.311894537942514
1420.3436004285622,1575.9024667227056,1399.4752614393694,47.975734459982654
1398.919848176295,1580.6279173106554,1397.2366470495579,47.99682862159128
1415.0529934683805,1612.1515661279902,1404.3374968596097,48.16216008511154
1405.4245403757145,1579.5887888529899,1402.1566877093362,46.44750093494124
1390.3232036809231,1585.7836734623745,1396.4745375726338,46.27946049126297
1405.4209340826262,1556.4215301740335,1395.5909781138914,44.6087355120986
1423.0705484969894,1575.6066109529809,1388.8354914481595,47.78482851676541
1399.4626094133507,1592.190520904172,1409.878615824065,48.623568066985165
1423.46965483721,1548.892525323175,1404.5920418159953,49.4239725198769
1360.703823438654,1584.0169018623142,1409.1776819779514,47.45775895187076
1412.3285375656283,1582.015821452896,1396.8960386352448,45.85028034063715
1401.3057060235726,1580.8257491117488,1393.4316453130557,44.454355785065815
1395.514889743012,1600.7431779731648,1389.2168493337076,48.56250009962503
1401.3764116480324,1586.6887702969705,1403.5891758374066,44.305585149833696
1370.1864662809867,1609.5614379671288,1389.6020677547176,46.48909388338435
1396.7049216824373,1560.1282096881193,1418.4866306896656,46.66353975808453
1405.3566885726761,1582.718491344367,1386.9235741890657,46.89581729322347
1422.1684106711227,1581.689335727799,1402.736601192125,47.05370390005376
1392.2259467258953,1558.6149101248984,1415.668547072138,47.20722133455136
1387.8725959566023,1599.125900041827,1405.990897592638,43.37695510688221
1392.473644346232,1626.4934661170564,1401.756737124918,47.02198386480519
1413.731031765531,1579.6598785103233,1390.3151635303811,43.655636638832185
1404.9312666448952,1590.1004217654754,1386.182308114323,48.09832710963649
1392.0535969434943,1581.6903695163066,1407.7005010891758,46.16731226629458
1407.6990114967005,1565.7283066018565,1415.0614724077495,43.764444912164976
1401.4561632402206,1543.5847944439597,1395.6115000952184,45.778692983921935
1414.5296748579933,1565.8845303380926,1388.6093849238364,46.14488699122302
1389.4692035918397,1552.1608323809653,1375.4183056945099,48.786049426332504
1395.0850678010336,1614.0820415611825,1390.1923515633746,47.29495661262537
1394.1183777030176,1577.6978061215352,1398.8634315750096,47.51666741652587
1378.0472757780183,1573.0816134190566,1415.9912324083673,48.7718324513309
1404.4418041559686,1597.7830764957562,1406.7313369223298,46.85578356811327
1403.9158290826983,1557.5649779428823,1403.0508540470676,48.13128194154861
1400.076701849637,1564.662719239909,1395.9988033869886,48.02579167089799
1396.4811929993728,1581.3614453849725,1394.1683428274405,45.07029575964588
1378.7694388692437,1600.5753798284695,1414.0564759750796,49.20947536644474
1393.6903201585196,1590.0337009033758,1402.0073854075838,44.86954732989396
1394.8592822520984,1584.9665028503177,1378.9739930807898,48.37604997421677
1387.9658409616757,1581.5623547047203,1393.2646035210275,44.72439044464155
1397.58071432501,1588.0047171105355,1391.4178396822838,47.90185518222751
1406.060762852218,1584.033058102585,1394.5373599082254,49.79287231722526
1428.292788518158,1559.4005545044613,1405.629106602851,46.680532015174684
1402.6186671924777,1580.921584432663,1398.9255511820575,46.61546653572028
1403.8632558608415,1558.526226821645,1399.2313459299635,47.91565999897527
1398.8833112635075,1581.6216508580164,1413.1347316132524,46.505905316056186
1371.2184317705144,1570.387041170235,1393.0353891021332,49.72741805561423
1399.6022918682618,1630.7876324556573,1418.6419952588735,47.28828837418804
1400.9034531491154,1579.2021123249658,1393.2869240862892,46.51974573766891
1436.9486316872792,1551.915208674768,1400.8919819661257,46.18957170815648
1397.1145855282832,1577.3163957864615,1397.1879640459724,45.60057729474047
1404.523210135004,1590.3871749127577,1401.2341913350097,46.058367519863765
1399.4793234544213,1613.4672789230506,1404.4459199507312,46.473989909512106
1382.469829435707,1568.2109520012257,1404.3383524008887,46.26854138975213
1417.1423422177254,1548.3514405195272,1392.4688266937942,46.012737088794346
1411.2789954903017,1596.3367402286196,1388.7708532255242,50.14826184552866
1411.8654792056457,1552.388025882007,1425.031717909057,45.45485738526577
1386.359188178079,1571.2768911698504,1395.1601566039944,47.219948881469264
1421.0419146640415,1574.84759028978,1406.9921243867198,47.88878151464131
1378.9722340581159,1578.607330933998,1383.923586894768,47.9451619933756
1408.8028564070041,1593.7832891414866,1397.2038728009531,46.91208938632629
1432.8568343871498,1566.3273143542722,1398.7280061601755,46.63894614222904
1385.1419551230397,1574.5254149566647,1404.7281506992783,47.67732123685926
1391.5055340559584,1579.7145929410121,1372.7754585900807,47.3997824749673
1401.4947704763147,1582.9919591503758,1401.6614061307832,46.61156174784873
1392.447865188257,1581.9565434941585,1388.502585446321,44.657182142413355
1376.740048534008,1588.7201155044515,1403.2434571119493,46.29811441650013
1401.0284446220903,1596.8767901928347,1389.6367080316184,45.28017475443881
1384.0654442941084,1587.8526823130194,1391.4451730407443,45.99926067490051
1407.1038864595278,1589.0717104701844,1397.2637238960674,47.04983485777544
1386.2086364864929,1548.3555366650705,1389.476705303968,47.53810421599493
1423.2490160752632,1581.0045539833136,1395.2446555326464,49.67067912693861
1388.2512006149564,1589.5901509600321,1388.0662423145668,46.19389043164428
1395.1690772569148,1594.578823891409,1381.6682954830128,48.16193845291273
1412.2027582605451,1566.152984515324,1410.1795705242937,47.458940036656756
1381.5370352534906,1566.8192145022272,1387.0395130717607,48.94399650595968
1403.411899019062,1568.517986494328,1398.21319112392,47.864343079393436
1419.6071413142365,1590.7282779978268,1407.528910814938,45.487277859070524
1375.8877514815815,1600.6776210984842,1393.8505589748395,44.415430956063155
1402.7695078779846,1571.850797854168,1391.7483410025445,47.46689254950126
1403.8982419137265,1598.159246272541,1402.2623808866742,46.20732350314941
1411.7273430766597,1582.469596183292,1411.1793382272715,45.529529381074106
1381.4457393368289,1577.5142844567513,1388.3068473491353,45.098633443200384
1380.1931508037358,1575.7723154036407,1398.4985216798257,47.24146324638073
1407.8291234842534,1594.932227292043,1382.6750540503267,49.26156154897005
1404.4547700984979,1586.5115563357415,1396.0679899631782,46.38699148144094
1403.7573927551882,1625.5165085529527,1400.3420468453808,47.88540546661298
1405.1967231424546,1562.9555071400534,1391.4537535824493,46.846600474673615
1389.7996291763227,1590.3620340405996,1395.4300816617476,45.06592686634491
1403.483805457415,1569.4159798037697,1385.9177323169256,48.10221701526562
1404.3960870994802,1562.6142602602272,1400.770786113815,45.35796193395894
1389.2847287296045,1579.7826572593005,1410.5569424888315,47.032439945890346
1427.9866176671715,1582.7470495881407,1389.0285613022954,46.48771937749204
1407.107493813677,1638.3634711012019,1393.773282334476,48.33961615184854
1382.1304475419602,1576.317083686336,1405.0254624645418,45.41277351129397
1409.8483041295074,1557.3964254103064,1412.1209071932274,47.58630486170294
1385.3797749465903,1585.4602143498878,1385.0681018779107,45.740303888976946
1411.8062690561367,1538.5071992490725,1398.3121526258406,46.23334218150682
1417.378933685111,1578.1608643479146,1402.8313082231953,41.54719965868985
1387.6897652247244,1580.3205056459033,1398.9794360937115,50.138147857426866
1414.4506419386648,1595.8920076589043,1375.2320793312292,47.825835399239345
1406.1917139040474,1599.4724449885568,1405.0109000930877,45.84897877109275
1412.3309023999172,1569.9286076218457,1415.1933635109065,45.31301646750051
1428.4518947398092,1576.9877197074013,1401.166617511695,46.256526870680986
1396.319178259957,1564.6775833877866,1389.6889394670575,48.075319302229175
1388.6939575346375,1557.438748903846,1394.8687275363573,44.16187261162261
1386.6572835556171,1586.1978955876127,1417.699130676556,46.787623371058494
1387.7628457255184,1554.528289028068,1409.0996254086056,49.655962808694014
1398.8434743587884,1571.7074619885627,1406.4002661838433,45.29908049604829
1405.1172796222497,1560.0965208020152,1403.5641258353437,47.120577558145484
1404.1503619899504,1590.9936637258052,1393.3886288780902,50.30496472288664
1412.4077487355403,1616.0286019853297,1397.9942881934423,47.94822744453616
1400.1950283781687,1553.9682403439333,1399.2207726432148,47.18888573072818
1421.8030111573598,1542.9396303420485,1405.4957431606445,47.75995468236351
1396.0301475014307,1577.5022622929987,1415.0891889426691,46.398701997485446
1440.8025374988442,1580.3139559191552,1411.1833813679314,48.94944692795516
1409.3850102164752,1584.373186135146,1385.8061564420395,46.40100496564968
1387.1426366537557,1571.073589695313,1402.2399496890105,44.06122758689604
1383.9366125290833,1575.9872140234913,1407.367633451679,46.41304534408931
1407.2370862286477,1587.350208210812,1406.1886033014464,45.549898205184945
1396.6480582201123,1600.8086178528968,1393.7076623661258,46.57820898170385
1410.7100074113814,1540.8990245936343,1429.1410921576837,46.611373911379054
1407.098564368603,1572.6212112193707,1387.2291543766887,48.79613479970736
1398.9075663101469,1584.2761758788213,1389.1681155333395,48.04293908999658
1387.298094228974,1561.6404779077852,1402.3359508126157,47.39489823136309
1377.277291629712,1614.623392635346,1421.1680305496386,46.99558188300111
1393.3022757189947,1567.2918023954253,1391.6380514929583,45.411712986713006
1412.845981914852,1579.1741462598543,1397.3417163435302,43.72823714350148
1403.2114061619532,1591.1204419368457,1410.772936730157,47.169740017089175
1381.3139183193202,1568.174304223962,1399.8213784511227,48.191961805360485
1402.5977138877677,1543.0685390439116,1396.653961454697,46.83749917513312
1405.7797606959325,1571.4269094616693,1405.6563290188672,46.19771851581995
1386.742138456983,1600.588811118541,1402.7251799022958,47.69675324782132
1402.3058765891828,1573.2620974642973,1410.3043878563678,46.87500169906348
1400.87313077669,1563.0713139708205,1412.9146888906537,49.52861628796094
1382.8554455325407,1598.5134441900545,1403.0700306000535,48.84909251310243
1405.3668104052242,1573.3845020795388,1402.917327253783,48.43926208553499
1408.4117678955236,1569.7967837269957,1402.1411098228614,48.13660117131486
1416.2457686476291,1582.9891217932661,1404.891305566493,45.06474887832282
1415.8070307805235,1595.4150041923758,1400.5517063787147,47.9944905530789
1379.3349594806436,1627.6342706346509,1399.9939151767771,47.564488936469864
1385.9326244012732,1596.5447221531485,1411.9662712082725,47.90963709258674
1407.7255290081298,1603.196799327767,1415.1611618035504,47.73891423021958
1407.706789263683,1569.8806760202428,1384.9244705536657,47.6791438817721
1407.7257152945908,1559.4826378806106,1400.1002115174058,51.05129970432439
1457.790972359821,1581.2466269923825,1393.1130556655476,46.88572149507212
1408.5633576603975,1582.143398305192,1396.8902853351392,48.40450607124399
1417.033484602709,1558.429745172708,1404.0251620973531,46.293515284604
1414.310026452398,1576.4941094019198,1406.6943837154247,48.18596237583151
1409.770868769587,1587.9863520343827,1398.8787355638865,48.40897983534868
1395.2709613303948,1587.2078679003616,1380.866596652772,47.54663911570302
1411.384538307399,1590.0857570676853,1390.3495441942382,49.50387041356475
1388.4076217819363,1585.8192946027489,1408.9649967020016,45.67358594545937
1396.4477208989,1569.8598268145988,1372.5957357796508,46.26916858749767
1392.7195467825634,1569.7219874670232,1411.87427151682,47.31857012903524
1401.2281120907949,1556.0209720401224,1405.2122999064454,48.32121028022633
1434.7198785001026,1615.6955007837018,1413.1617608153,47.2691442819424
1371.9910221111238,1580.2690072923858,1398.0143081311903,48.92863855476585
1410.2939028556177,1575.502938884103,1379.385945759771,46.00746519355052
1375.8092619321553,1561.4241583709509,1404.303626415065,45.289132265767165
1392.9210220131586,1638.7131580465555,1412.7465312403833,47.462192504804754
1416.3342589545105,1558.533439355542,1409.2472180551342,46.88422958582945
1400.9642002864318,1571.4230414878784,1393.3730851651196,47.81429558053733
1383.8338283310604,1588.3167367257213,1400.8676107546264,46.95889656370024
1389.2704443611005,1592.0042593148855,1394.6716373122008,46.48997031406481
1410.19396623402,1599.1586411043136,1391.8073353581062,46.887593642414416
1389.044500524243,1616.1521701553852,1409.5538857117986,47.04327334218978
1403.2468788437295,1590.1231531092142,1388.0246768873483,46.5425280502275
1400.6835775985571,1558.8793840006667,1391.0618356941839,46.69530193051486
1390.2259947859127,1574.8610974975643,1388.9597436652762,46.394609994519634
1432.1591613398798,1586.1566474502777,1385.0975247670096,48.28499767980411
1409.5087853347702,1621.3645208301164,1401.464142918426,47.2910315067587
1369.622861200136,1552.043890431514,1411.6150304848197,50.38512870825315
1402.7968147215415,1604.0515301045045,1398.1512324375474,47.24105682691769
1390.0732030284742,1583.5982873909284,1384.9425219943582,46.17371379450701
1412.7865000219433,1596.7566107045895,1408.3994453974203,51.0060130622946
1388.1121889235094,1577.9601056672814,1416.8570175403497,47.620439566571505
1398.2789533779965,1563.1513473974735,1393.537576758534,48.485187180339224
1407.574809184707,1595.0174555880267,1395.2144573328228,47.888154474803734
1412.9863279125518,1593.0886205421125,1405.156606300834,47.93451654394662
1381.9955538941633,1599.4411393147943,1416.2187374778505,47.803481077028714
1394.9824814623857,1579.7339072924274,1394.8016585427476,45.346873152835904
1392.8758203325856,1568.003559533603,1386.675502190018,47.55129357134212
1390.2000615113943,1548.8242600995231,1406.314186062724,45.01270804422464
1426.4818136042165,1596.3874653627881,1407.990680731423,46.7384557453812
1406.0747256644142,1588.4777896488797,1400.0613145043524,45.911573815155066
1381.0867406849743,1560.684347342721,1394.4186674034254,47.53620527877309
1413.7679292058217,1569.2285265340674,1409.9437873099205,47.50118937100735
1431.8323429551895,1570.664823760971,1405.2803600454797,47.72171883614778
1415.4869789082672,1550.3403113603517,1392.315644830965,47.43094485912363
1377.2094505106897,1563.6463520678974,1400.4909473130567,46.0897619873204
1392.7364889070063,1557.3233928638729,1386.4829246797535,46.60849476597248
1419.0036672377994,1571.7504197622413,1406.8589045643791,48.380594241881724
1389.3849580157182,1565.2260500334087,1397.3776643061715,48.6017850159416
1406.6572914221933,1547.459901582665,1395.6428916761527,45.27982535206018
1411.6195108014401,1620.4518046113897,1399.6712551484757,44.70360855123103
1386.0960429263287,1605.0508146205846,1400.4030769933024,45.90966592519293
1399.107119659073,1564.4196115696002,1408.9493006156556,48.56781137304838
1351.380989898964,1585.4484279330723,1405.9109053132522,48.82232604527455
1384.6341853799856,1588.3493017964258,1398.435907212072,45.61293217939824
1396.2114777291026,1603.8217170954695,1407.63668149719,47.46096403060451
1381.2832522705273,1563.6278994667985,1404.0073725369161,49.75164699971013
1424.4861695589746,1601.8421356796484,1395.7340036371397,47.6229672158605
1378.5478793305906,1569.0418939158612,1398.7528184176351,49.132254927849644
1393.3993326995453,1553.2827519166278,1398.517771111569,48.49808985512465
1401.9611086592913,1594.48273118629,1405.052613431742,45.63470194065813
1421.6190993359917,1605.8151684824486,1396.3297738527835,46.71502786475438
1378.4620677323085,1631.7581794706136,1396.0959081357837,47.052131717437774
1417.4474562823243,1556.0054946981957,1419.6875730943395,47.15620008203201
1400.153495915294,1593.9783937016157,1409.397354817471,48.374493430157855
1385.2773702342806,1571.8039751241292,1392.3939933557485,47.61302714341311
1406.931552113949,1595.6671742104807,1405.709409939422,42.59569858433283
1402.985895433602,1550.590208975375,1401.1835006565518,45.03073959036091
1390.996746842618,1554.7446044860287,1403.9155117526009,43.71892862753594
1401.0470312748503,1564.4825035366703,1401.3734132456511,47.263047860983
1394.2202960470736,1581.5792809133618,1411.8964264548524,47.36073147420164
1401.7027601787688,1567.1783746692329,1403.4562034465146,47.424837437916075
1409.9319601178156,1593.1810868782684,1399.3791130178572,45.561607598428076
1423.7902522421803,1600.5378923651583,1410.4219057698301,48.011216007679984
1381.4327675175973,1591.991550824907,1402.3328504108788,48.074393744702796
1431.995500619844,1612.3757527932173,1401.2147857932905,45.117276399192264
1370.7186830071626,1588.3165325891068,1403.1402260248612,44.80094269782669
1397.7232235744661,1555.6620657931967,1399.0639097663363,46.999802470659596
1408.8247580972686,1607.2675302707669,1400.0922699299547,49.68767341042004
1404.2148780160255,1567.89687528788,1394.1330541123812,49.54961411329796
1390.6595072026912,1598.2083699937114,1392.4883278037612,47.84510654067208
1396.8781662446409,1611.474684331102,1390.0142961351755,45.905004992629884
1392.6049859801176,1589.133760214608,1386.0801671320291,48.330263989232876
1391.1595286458369,1550.076823736707,1391.2028263861544,46.32136360278644
1412.7440314553153,1561.635756669804,1398.2573296553308,45.848739444989285
1405.3552322894757,1606.4548893377028,1401.0311758244563,43.78404975256701
1389.6063560710902,1576.6175462871436,1397.2870343685236,47.15357329752148
1413.4939981314988,1581.5914706988433,1376.4429650987265,46.05519897629394
1404.6094928131492,1595.1764883232722,1415.7458635776234,47.144645569292756
1412.1929317825843,1593.9264572416064,1410.8648012289038,43.55096345564441
1409.4444326288542,1585.5759962477093,1404.4575985121712,47.25474000887553
1387.5650748361688,1575.8266325755908,1419.0749067255326,43.353318254042556
1391.5972843970455,1573.7466310853529,1390.2263588251628,48.63191037990283
1411.2094040768488,1597.1579765058268,1418.8762512062601,47.782836851202624
1409.155553981502,1591.071390621356,1390.3478592324946,46.58200284286312
1399.6864760905378,1574.853999987644,1402.3873792529137,47.84407979012312
1401.7599107496317,1601.6422462598628,1387.261626748658,45.53288860600467
1419.1649734368264,1577.4193176974043,1400.1469409554436,47.10856327342234
1391.1264291674624,1562.9667565133122,1403.861664979984,48.192161057690505
1408.2064607175505,1564.8205860219332,1398.4530966886543,42.358566126362916
1396.9671102134917,1560.4251832738046,1407.1387744409014,46.32916346048371
1396.7347819515917,1574.5517996679262,1400.9901444948725,46.96603380479544
1416.4816527798077,1604.674485566724,1394.775852716225,46.70555957338135
1412.3812452348204,1563.89809637939,1394.3318668219765,49.18565273934111
1412.2026445400095,1583.769515220362,1408.1091377261569,45.31414831261567
1419.582182107315,1566.8662130874518,1393.4625797019303,46.068261134832156
1400.3150576244914,1574.7938191745714,1409.1540297048493,44.12619646053733
1410.2292945694244,1549.799175760295,1412.2271179283193,49.265429976909715
1395.3459986510982,1575.5892354168693,1383.3128613765386,46.6305647860868
1404.8624952873267,1576.1258924039007,1411.3292638730104,46.342386667944936
1398.0478541844848,1590.805758880714,1420.604226984447,46.92127597653393
1401.4549394748908,1584.4656182651074,1402.5200376120192,47.95435374264549
1408.9273553815538,1556.032157500959,1405.9908418529483,47.52104510527419
1387.7266897514978,1601.683964880871,1410.3700532436915,50.97182632033563
1431.385809135282,1584.2060608044399,1397.2451768482097,47.680903832605665
1384.9097392775045,1583.9678703435497,1401.8228022353787,46.302131856246376
1381.787170808184,1579.8163529322971,1386.858004703769,46.15796489371408
1417.371663102501,1569.6448510555556,1401.3863502853046,46.41086157137479
1411.874940409444,1584.3560467949744,1404.9811199564454,44.747244613055244
1409.3617972557822,1589.5117687185716,1405.1616302292648,47.05979631123738
1409.425182638964,1545.0620861730888,1410.6542472359758,48.17520215931338
1399.8162984072962,1569.2247832530782,1392.2519782186448,46.07995459906515
1386.5411844277126,1574.9010605919282,1394.673932433265,45.78892991557383
1401.1370683729058,1585.1234121138855,1418.9550734599136,49.27391771944135
1389.8425743273183,1603.8662201185425,1398.496716262363,44.86027526506825
1414.6267960012663,1564.5651837080643,1402.0003378731233,43.89827243528405
1397.7941392774678,1570.0407630636432,1399.3298995827479,45.270647084528925
1387.6175420481122,1569.749317787069,1391.7831917369497,44.68935092431356
1395.179212375205,1563.969448197909,1416.235292108918,47.57933909615687
1406.1939718141343,1573.0562700977548,1394.7229858807939,46.45894324932564
1391.5441317079403,1595.4160443997594,1388.7271447629307,46.67046943246424
1387.6666940665036,1558.9232900927132,1395.4925972269725,48.72940126546216
1403.6553081723787,1588.556287903058,1379.9829399827447,45.962997708255834
1403.6744985666307,1545.9619553996333,1393.487125350168,48.16263411761846
1392.395852369433,1568.773240071156,1390.3187140214768,49.266984198804806
1392.9344254157252,1573.4102139956403,1406.1742863092732,46.31650625297951
1403.4807490603646,1613.4971934582813,1393.2658576044012,48.10553428333447
1378.27873487754,1574.5039539049462,1408.8780393557886,46.63727313120653
1378.8880433843517,1535.9751305309817,1413.9848399306932,48.38614719326118
1389.2233366812134,1540.022221862775,1407.811753362876,44.64276621863559
1396.7982927243222,1580.6805917269337,1397.8461171113993,44.53173163231198
1404.66361348397,1592.275417115798,1401.4111449670559,46.41309842763869
1422.1303432542434,1587.509117152545,1384.7501505985595,45.66661278641035
1412.8648943480302,1583.3514021160197,1398.6622062747876,46.22493633585517
1397.6009220505487,1603.2451919501134,1391.3956153193317,46.67071012632929
1399.7147568814596,1569.2081755852573,1406.943263811493,48.08002029775438
1384.962059530433,1597.8982111205364,1425.7275238924447,46.3885091321511
1399.7223029601141,1547.3597022994716,1404.998216359738,45.76420803406537
1395.670120416198,1561.9010433412386,1380.0885985104533,46.472729934861654
1404.8407784050714,1543.8591721013636,1396.3876980708562,45.846282080290074
1387.5915358467153,1574.5030939866042,1401.2249092537445,45.59899174690593
1407.7901977136175,1579.0747756546732,1400.8735742526026,44.58047477963455
1422.9910836950387,1582.2820298445304,1392.6918687439124,47.104217174331616
1398.368597773147,1581.2376670577428,1402.4529174263694,46.14694144010442
1406.025675831484,1561.4489333837655,1387.5749916308062,48.44941810885201
1410.3521598756668,1576.1951831117358,1390.5509127731493,44.828905861911586
1393.9816929217125,1550.0510666278851,1406.4579764160371,46.186874667428185
1403.3613872271562,1607.2645795026451,1389.8433676912018,49.71936083098812
1400.188886011727,1573.92747854204,1405.3821160549226,45.590585724353225
1401.4651414782325,1570.222277619126,1386.3053622534394,46.645200121855815
1388.404853242168,1611.7788065688817,1417.6482588379174,45.17623402576195
1400.367652613884,1555.1550693290153,1392.2573007759595,44.97735873082853
1407.4699743686817,1557.4882577193607,1397.7633342819656,49.32096647463152
1421.7671541169257,1558.0755935026286,1403.3061326109041,47.256559238955724
1414.389062391278,1578.6425723660104,1394.3465004749892,47.200518257356435
1432.2977368626734,1588.6326325927519,1401.4340596107131,44.455525647325665
1388.4897865566793,1594.7935093623566,1405.7535672452013,47.538112082162456
1413.0848095508102,1631.4399063498993,1409.6061323250349,48.73613291899074
1402.7501300860754,1535.0113509159846,1407.9149743597295,48.724215591242796
1432.847043998265,1592.1747117824884,1398.2818953619733,48.00249984440924
1387.8755257196726,1568.8573885485553,1398.5336822595639,45.305771633606895
1387.4041723672883,1568.2716970222245,1423.4910855802502,47.46968512578949
1391.0091103183397,1567.6045574349225,1409.4988906824929,48.00137744071491
1368.1415641353528,1561.8246065838405,1390.781763436798,44.30833462236665
1392.1136746747886,1613.690496692069,1400.9998816376556,45.31808061277732
1388.6130100766945,1596.845946540278,1396.648568612218,48.33223598261516
1402.255906797143,1580.4639195711475,1398.6466576607688,48.314068665007895
1405.1263396366573,1607.02031504974,1387.7050484229192,44.67712544956791
1428.1425625882382,1549.7494206940225,1395.8807676561405,48.19253218890376
1414.2563575727906,1553.3858973733816,1418.1155577319391,47.142955098730425
1391.3464451650639,1536.4406453561062,1405.790763008755,48.171513431910725
1386.5237799297747,1566.0117091975342,1375.0883859184853,46.04821801484909
1407.3787875725975,1583.233970534095,1412.1672349249795,47.96777524472135
1380.1965018946903,1582.0571715586466,1410.8962952290917,48.26574316172844
1427.4718814878154,1582.9868382211976,1396.4071469569358,46.472997596816434
1417.6916018108193,1551.7788633786784,1407.1726354378322,47.026628819259926
1392.9623652184293,1596.0630948522805,1391.406007891828,46.02721755574302
1374.3029820636368,1584.79255036478,1395.2974428373363,49.47745842302882
1420.3080856124811,1594.66108562932,1414.9854636066984,46.81959209101135
1398.2819023212107,1542.144756448199,1397.282699601303,45.61696351223423
1418.567244679602,1586.2298171759558,1381.3026833804502,45.92626112918788
1376.0835851180846,1556.2446952016494,1399.3669677721866,47.19015590171317
1391.0093746556934,1572.0535349489728,1399.2141160708563,48.129996757667314
1400.0786554957726,1590.6872979727277,1411.9836856937345,44.99625973227422
1400.704708906471,1581.8218721251183,1400.1433642217576,49.77149000441367
1393.2490179278113,1562.9692004044136,1395.7841768855972,47.46301294108343
1409.3427489852124,1580.1254631236884,1410.450561452312,47.69968395945412
1383.985693559261,1549.3692936951272,1401.207902325011,46.854215684264844
1397.8643077246807,1603.005347917966,1392.4997731843428,47.02888845102669
1401.8044344756786,1575.894319610075,1411.5499756054162,46.777575293108896
1407.7165825108812,1602.3709988851065,1401.936617645168,48.52669395355394
1410.6742231713333,1569.4693662580792,1400.0292596667944,46.98810711881995
1383.130368622432,1569.5284802318683,1401.7790839141167,48.15057532773906
1376.9882874389657,1564.716264267243,1389.293316285834,46.34922871497114
1419.1651523284777,1597.5234786338615,1394.7234622382166,47.29346079246847
1404.9847101796938,1565.8113768534304,1400.0358260183277,45.79411948364087
1388.7727019516517,1592.8919086483036,1398.0533630497532,48.8247923488243
1423.267279632838,1572.350952046614,1412.7242838281659,45.74937913892133
1401.7351195143929,1540.4807340021675,1402.17405852727,46.51253083360801
1417.6894577609573,1568.5937186442707,1408.5490392263641,46.527559381317886
1401.0127772211517,1556.417835712743,1400.0939535457585,46.469072918489346
1430.9112188732297,1580.6780544736469,1410.5628848374613,48.08374365416441
1426.330112636648,1556.1918452865102,1403.9752775657316,46.52501335289504
1396.2655377728138,1598.5195020142924,1400.1342048538845,49.090886795811606
1414.5735642643153,1578.1784827929393,1399.8671691104098,45.77228737080475
1409.6806392437773,1576.4480801048253,1390.4556137370903,47.25406620491406
1420.5294733629853,1593.1178427557516,1405.0691572013632,45.8363210160311
1385.5261480912984,1599.2781386815172,1399.5979526546362,47.6314591737972
1410.2907718999766,1579.598024964607,1394.980080398188,46.97607540953484
1415.8763673027438,1564.5759940090143,1411.0646177081207,46.767406932952284
1373.6189077036533,1544.5206076777574,1387.497839741052,48.78271244975529
1382.2511223100134,1566.2790048592965,1395.7750410456756,46.01848719341734
1369.4115173335986,1567.6557550670407,1410.2771874877953,47.879772736427
1395.9588974833316,1582.141149059846,1403.1552294092025,45.84656013098781
1410.7631338369395,1573.0970623772394,1399.5214107234724,47.16902780024056
1422.5353557814403,1593.7586594410286,1402.5100354315014,45.20663700766483
1401.1114217062966,1567.7403345745863,1401.7941417104885,46.00622428053989
1424.4292331835693,1578.859176662941,1384.8333745371408,46.876785431640705
1379.2984781267767,1603.6797488639377,1396.5073811465204,49.72197375098462
1374.4492634096728,1586.8365042790992,1416.1652165451376,47.15120580568966
1399.1667845165507,1578.7992491662287,1393.4067586522283,49.48200247380006
1405.7609817340897,1567.9611111612965,1396.8169898589567,47.330484937536376
1399.5095787785885,1567.3353720657005,1394.583792366908,46.41937363328759
1368.9883684994018,1562.987734940961,1399.1298477668186,49.30903478390104
1398.6631994073082,1569.179862684342,1394.168771686757,47.655526433110126
1380.4329574924272,1595.1133167748862,1404.8674150215807,46.03591760917593
1410.0450882324506,1575.5622345741547,1401.9731341229026,47.70585718910045
1405.4989736914526,1553.0045386123754,1407.73547615107,46.56110787513858
1385.9018032050897,1615.3633858611956,1389.4905883381105,44.01644870574306
1392.2919962399496,1586.3993038229032,1396.596595171171,48.40395973889843
1384.1117971716658,1551.8611319897366,1397.7427736838786,48.64240108346289
1399.0598135409025,1571.1630214551835,1404.556469100886,49.756913044988416
1414.3271348075186,1582.2177276565683,1392.0677880279297,47.633215538292895
1385.2141093049668,1614.0918418659476,1409.1565380425834,46.6269148638762
1407.5606977327677,1557.8377508348226,1411.8641559051762,48.25248414106788
1392.0461357244135,1599.520814387119,1390.1112765236442,48.27473054797836
1388.106907516065,1607.9897285394468,1395.0912710510643,49.457421774704635
1398.3945446006817,1567.4269138985087,1394.6806849170791,46.93305856540034
1384.4713651637094,1574.4497276227953,1426.323862046775,46.75163154114861
1391.6952604197922,1559.2738150525247,1395.700998947921,45.926683370362205
1382.0318316111673,1575.930777178394,1416.7762544215614,47.806193130087806
1429.4708769937458,1579.2682005131414,1387.333680048934,44.677607497653746
1400.528953279576,1593.1929999616475,1390.1034903383563,48.164131059293844
1389.5041173801112,1601.8036694204088,1393.133954681518,47.881752682798684
1403.2096986610134,1565.0380787075671,1391.5431068855348,47.87760530368756
1398.3150792546376,1540.65349871548,1397.321012658415,47.20733785475276
1396.6854560070017,1579.5751044144752,1392.9122179727851,49.29946737129663
1409.2125005006515,1585.8707505993727,1391.8065840726542,48.307990198140295
1411.3626156507096,1584.9883537537007,1411.5847199647333,46.08938421293645
1392.0424827858421,1573.4665350498192,1412.2379362251318,46.11623142545353
1391.3627263903297,1582.4950419932786,1409.4929649837532,45.680489279878046
1395.8742245427254,1610.3088961670448,1405.2399895558433,47.82692499916338
1365.4711825289662,1587.6346833792502,1400.9274306577954,45.499791618140065
1377.2721340670216,1572.5326314999384,1395.029693093341,48.62508821537503
1420.5031140116678,1569.99604365808,1390.4684249524491,48.984459962518315
1424.6745157025193,1576.6029528464453,1403.629957034327,45.68147559657432
1396.2644594066544,1612.7347992366128,1388.263696074532,46.72167719811072
1408.6483544458365,1576.333985809476,1390.060790708246,47.02493147204362
1404.668752318153,1579.6041131095858,1411.529132562048,48.3259747407045
1446.1832121268285,1570.353728581274,1419.006490417221,49.414015063414816
1416.7936236715186,1601.9796671488393,1403.932951381665,44.471761410697134
1398.0812361277885,1619.1967450948935,1411.0645715229464,46.52272892370998
1385.6668933909937,1589.0122609886278,1397.5415168255602,46.60097495665948
1375.9033051961364,1581.6554580757086,1386.6232581391232,44.898995217670176
1403.0519545380084,1580.7356566634846,1406.121716186186,46.27233497104391
1388.6547388207355,1532.313864224285,1405.6928932327007,47.64165341652592
1378.6661943560348,1594.9030172856963,1400.7166855388025,46.58198164574066
1390.3014067363622,1582.6833283199169,1397.576245418949,44.68306824708888
1383.776779945784,1588.5668410132146,1409.622105785811,51.31112404701487
1425.3071245260885,1565.7707561183258,1390.1426696657252,47.39926679780627
1413.2245963542418,1572.310862420458,1392.2621942110934,47.16754119516001
1399.8804103802509,1571.7795012699366,1389.9189349323958,45.35311045539943
1422.1991620833503,1600.4324596814608,1400.8497296263583,47.39105924295691
1401.1605246147142,1572.4248032679382,1389.1210698789075,46.75367932393776
1387.0807369800762,1621.653206442196,1393.1575781948475,44.16721488092689
1422.846861159045,1588.6172483803007,1392.942444377728,45.394616839978376
1408.0836506552698,1554.4863468000854,1397.3939166766604,48.19238902651092
1384.441307685103,1577.429074134961,1385.1262555359601,49.91602647500066
1397.144919828746,1566.9664975568717,1400.8720499203728,47.550748107564566
1386.8657261992287,1536.1123506035995,1412.4730365066468,48.65462491744005
1379.258004035535,1611.9894188022758,1401.3549137231676,46.766367037125185
1413.8926632129746,1594.0628508444001,1415.4132114480133,46.870180758979096
1428.641249607052,1590.6641463579863,1413.3399818587693,48.636468541429196
1379.0214863927129,1583.308073205994,1407.7773504724785,49.4941659337692
1408.4445385503586,1552.3596486261513,1400.7468584263688,48.951645040198436
1390.2403614631726,1570.3276572088912,1400.2250038824543,45.40045538692277
1392.6931192435295,1596.8356154956803,1407.6379977236327,46.899561664527134
1391.114091136417,1558.9755994043499,1396.0832939049596,47.41628702671444
1387.0401384548027,1529.3646136749837,1381.1747924853253,46.61048305473871
1400.7278244191723,1575.4578798443815,1404.9200405410295,47.581786315123395
1387.5357482538345,1577.1648489194492,1388.6893137006502,48.23086521750342
1404.0568523866975,1582.7112683282942,1390.3785877180962,48.50421462793271
1399.2464283582628,1594.5703728702906,1400.0022394799578,49.52880522833229
1396.4157792970038,1592.7521162446242,1399.0487512244654,46.505838342912746
1386.386545069376,1585.1753961048785,1385.8792439368437,44.95395025274103
1391.348430041475,1603.910627761734,1401.6549156413314,47.53735189102168
1411.3308683873863,1549.6206043837337,1409.6613966086104,49.8257165467772
1407.5137578143658,1590.0916362895478,1388.7165842973423,46.284536210068914
1385.3366713280218,1592.5307672667388,1412.7248333084876,48.03027046559558
1401.4899845814384,1555.2087542783952,1384.3982917487006,48.04361868870897
1411.270806850577,1549.942587826352,1421.1732414437095,47.28716307101691
1374.9589207831793,1565.081157470488,1395.8873956951652,47.01038708156557
1408.1504028856991,1566.769171149694,1401.456169968269,45.614856191417914
1390.0606436158123,1595.0683892700486,1381.0796642751434,43.57750689136913
1408.5589800288974,1567.7092243261782,1399.3786393353068,45.332223940003956
1388.5511126518622,1562.8730296343758,1402.2848217771818,46.41454377633245
1372.9267684900321,1567.7673252661089,1399.138378959005,48.64613403113406
1375.5868634317526,1602.3726466830842,1394.3691892294762,46.84530790647294
1400.7212741999208,1580.2608674875391,1390.5343548147218,46.22146142162278
1403.8958375258221,1576.4149794928617,1411.3052661953732,45.66352183706985
1386.4352506234338,1577.799890025979,1400.3080713499794,47.98520874276422
1409.5788868816605,1605.8412066865305,1415.4075237651678,49.037535749645905
1375.0771990659655,1565.0165654679352,1394.7351764520508,48.59515358280119
1399.0088030202903,1606.310165818802,1395.6520530662779,47.909224549637706
1381.8347570035633,1584.20992597843,1408.1559424459617,44.78658088042559
1390.2224583829677,1576.791612360493,1383.7702503799644,46.472488635734344
1400.7109800697463,1630.0180099586855,1387.8653663984708,49.92095634333451
1387.0937995207407,1558.8872102040282,1410.9748497135317,48.682925737872836
1394.2316668365527,1572.9262848086598,1388.280660707768,44.693745172647915
1415.0943921382166,1555.35137521672,1381.8094898469744,46.91661421520109
1391.3466219571528,1599.0492394107234,1418.6852718807309,47.54464764899156
1412.535381680977,1613.7837786730336,1386.061823521258,45.85676230546067
1383.0543971801358,1613.3984556280927,1401.8411939832818,43.536193967886724
1407.9470626687291,1604.4789750629202,1400.6908519272426,47.14823606752465
1421.6235293098684,1576.0475906440806,1371.893716833819,45.81836261356934
1362.9253324980907,1572.695180450203,1397.3268297683219,45.824237391372975
1388.0465711679428,1546.5766045501186,1404.484132494791,46.46797946010386
1408.656081907708,1620.7174707036359,1403.5430938151885,46.79948612801778
1396.9543192093552,1589.3795615629695,1409.035206838035,46.98637580885647
1405.5671881005696,1570.1608619026103,1396.1250868509458,45.674015151617
1390.9402221992627,1606.5611377797393,1407.1250444209215,46.669685705548886
1401.2988468120934,1560.5447096648,1393.1067093191994,44.363864944395864
1397.6648414691188,1588.1324406844535,1385.8953258358722,47.46655859805212
1417.516730924897,1576.5474173141833,1387.0227162431877,42.715586879988265
1403.8163126495183,1592.773542797606,1385.3788954480458,46.56576487934957
1405.064039931128,1578.7285292162776,1410.095859678912,48.37877923051543
1393.821845508163,1550.9814421777755,1384.8542649094145,45.41098896908776
1392.6859066389127,1581.5115274534007,1402.7403884064931,48.0746453054861
1393.5116271827058,1600.9772828375073,1397.3407580592757,48.73359906818134
1405.9167821356746,1579.4156718829204,1398.9735142654936,42.03815007125392
1393.6852327876961,1595.5023024317818,1413.636072951997,46.77295564463638
1404.3466228534462,1559.0894102865188,1395.6157263278474,42.68633985855759
1431.1310119796815,1579.474784134603,1406.1160156154967,46.82268733164358
1413.0668705514754,1567.5097908982284,1400.3756335138112,46.98924318352801
1395.1096470174823,1594.9396168020942,1398.479810943673,43.276184021133744
1418.018208832459,1580.62983124524,1422.9996912438648,49.8872575431198
1393.8788694046768,1593.8014735267323,1385.5865825428464,47.42902371145194
1369.4281319723323,1601.7542085231573,1412.8913183543746,45.72646485187695
1384.878705336239,1593.8323715024278,1406.5640656548997,49.19806914124778
1371.938121184612,1585.462368685873,1395.2047500536821,44.30658016903652
1394.7272977393804,1560.0357548297718,1416.293185174416,45.156243449722524
1400.2762756878433,1579.944277786662,1381.5188988761147,43.550816714495156
1425.1465596841292,1569.3381919596834,1394.7823334270092,49.701567794809
1404.9039106064624,1573.1187208659155,1387.9151779573092,47.498519557208006
1396.713492067867,1572.509316984995,1404.1208346487147,47.989102684772746
1412.4410837177522,1560.401488504355,1388.8693589881282,47.45150185087771
1366.8329703648817,1540.8532282173203,1404.3306394674132,47.86065164171688
1403.5342183716284,1566.6371390334446,1398.1356358417845,47.11711657084398
1411.5629779083044,1583.8675890384832,1395.2064605734392,47.406382014061165
1377.8212063133024,1553.0364590914503,1403.8864724603332,47.161405154334425
1417.156310648104,1580.3136447294326,1397.3137837606193,46.08711229164608
1405.0774461124163,1618.0053684862194,1389.1136515694095,46.930062852178
1393.770681291488,1600.4611311050448,1428.0137298963498,47.41039185989251
1409.4917279915942,1612.8708301824106,1395.1283281697085,47.1658236793282
1434.060392867066,1587.8225575386546,1377.82390919848,44.78334183837003
1402.7279938258773,1603.350196459729,1391.5790131027861,44.98251999708739
1403.723308794505,1565.5207053906443,1387.3272331162727,48.624262150874586
1393.1095865068964,1567.1131946595603,1408.2614561604053,46.5395089311749
1387.2523344580281,1525.2171958772506,1403.2165265959159,47.87708802055391
1412.4550372481638,1603.722909480846,1403.9871280179034,45.36182013541641
1387.158742611367,1610.8064795963978,1396.2997753416275,44.7902811850302
1401.073493558291,1568.9364550930545,1397.2064975294309,45.73460508120243
1392.8351382985234,1574.9209658720554,1396.2906889639232,46.66615239384288
1407.184697386196,1564.9227577261809,1399.1880681586454,46.00228955107338
1405.0049315793042,1587.65307102955,1408.3533343536483,48.94090028465857
1415.5630991638684,1602.4986509060648,1403.3607541250535,47.269284952306194
1392.3497540171788,1545.1445605223792,1405.0011282962087,49.77340792784279
1395.9518759705995,1588.188770612845,1404.995589082492,47.60661223110713
1385.3185442632655,1574.466564565617,1408.8444243738174,43.38117377312028
1393.3356010988584,1582.2678878393338,1402.8815004154026,48.58406240968783
1405.6595073956728,1589.179880033486,1403.5884807267892,44.735672566295065
1411.3548292496803,1576.2359512245437,1411.8880624119315,47.345800500817006
1386.1675201373357,1577.9282629318843,1393.349540819969,45.837973913504236
1413.0440888015848,1575.7224966489073,1391.4425742004848,50.21406655169628
1420.3345678820742,1599.4063240357657,1388.1407840081315,49.15939689114521
1406.2015235483555,1588.37519920255,1401.8291456362026,45.88726903744736
1428.151937188371,1584.4116707547473,1381.4626775878087,46.80896349781833
1388.3931620134465,1554.5809655781543,1404.6215409605968,47.36689710447383
1381.3301794503288,1572.428405135737,1398.9080690549945,48.29512110734242
1373.3191962664357,1597.9733832067834,1411.3463969982106,47.04372786848752
1422.4406646723378,1580.7539314624785,1393.2808268953502,45.4626576509287
1409.815484845311,1593.1906293917827,1397.966817145825,45.92366204119992
1399.1662299363431,1615.3302360065527,1411.2220333329337,46.993277305434816
1404.1995293947973,1600.7721213841764,1413.8313564677815,48.85168546814704
1383.1176642905243,1581.8631667539948,1393.1984763424819,47.64175679080407
1436.6862796942523,1569.7802165960854,1401.8178123258715,45.83987761007748
1401.9383177296284,1528.9290080788821,1402.9441897768404,47.972559166564686
1401.6409219190734,1576.632301550543,1403.7365340562114,46.41952274168276
1410.8864993584805,1573.479750083663,1397.3742434068438,48.33561200778026
1407.2151384760507,1587.8073238879076,1412.8138339812363,50.79051562749291
1403.358260364187,1576.9218954605062,1381.1029651637846,46.46176044358467
1388.1428831683204,1573.592298811264,1395.7886976519892,48.20240773958955
1407.07202535704,1544.4120213898557,1404.4793073277294,45.8819100019434
1428.2303674471254,1561.2006434169987,1404.5722481194935,46.83160434921305
1420.1813006923246,1589.5330208160112,1413.5275903061477,47.04434343030815
1423.897799399591,1614.318152622654,1411.9822539320128,46.70947450993343
1392.3317648535321,1578.0494923250876,1397.1445837469278,50.69452053316254
1385.1559276961214,1586.5562214714826,1412.998712435306,46.54011038798242
1398.1131961985052,1599.049563139056,1392.8595825622253,47.8802773081773
1400.8358736843304,1563.782121275995,1409.3088738279184,44.10486969601485
1416.4128727770642,1587.3362808657089,1418.10522478421,47.64799484505441
1374.6130305542777,1565.1901978733567,1412.1494410685498,48.71308188852837
1422.943254791909,1597.2964887698201,1401.0577038352412,46.20860398613142
1397.6298815213152,1583.0280609590347,1396.6822122822787,43.234666788439384
1393.5967839507887,1585.9690362796289,1384.7140870374071,46.94202234675901
1384.8184343710975,1564.3480280516283,1403.1053963791421,47.02577577557829
1375.1771499220135,1594.1406471922157,1388.8478277202908,48.086112576116456
1412.3475587594287,1621.6942584246203,1392.0686533638607,50.01635455312015
1401.099769507826,1559.8417660914358,1388.0925419926332,46.42991952409954
1380.6505865038841,1573.2048198470495,1395.3960766734335,45.715567814509576
1380.5738184190457,1584.632149483362,1399.7203058551302,45.24962329794283
1394.963229510648,1595.7281242399163,1402.736145811657,47.2971179255474
1425.0353228793408,1568.8090742942106,1393.9949336458603,47.719031388227755
1396.106129729546,1523.339394197145,1410.6928370639519,46.181516908456125
1377.4528557032284,1607.1837898832805,1397.9179474201003,48.16802411858868
1396.3138540387108,1595.210122391683,1392.1227756673447,47.698076115228766
1395.9091464537848,1545.1410493902667,1402.2629226724343,47.06484753446733
1359.5467003558765,1567.8486241644089,1419.6355283354383,45.646377918883815
1399.1855770022328,1611.3636485905465,1403.3516056653511,46.277203526772915
1396.5359820468698,1608.9559283691574,1396.371443726264,43.355367053476186
1410.4430954722013,1598.7728004535788,1384.7253864388128,47.35368059629705
1427.7343414241802,1576.4777513208028,1397.8058767902794,47.039511933121155
1416.8984754432163,1581.6597483762503,1402.3492812508812,47.28271848663423
1395.9666696416775,1577.3814838974774,1396.1241910874444,47.75647852334684
1383.402111368875,1602.5647956653768,1383.34615361759,47.57873222964833
1438.600397048748,1562.4831518700978,1391.4943461049656,46.83442522903095
1400.8882765102173,1563.8840069023158,1414.5453846088776,47.07300206474413
1400.2089393786941,1600.2054917367202,1414.3400100373046,44.89352537495574
1399.63812369335,1579.1127708897689,1391.133608307954,46.12441903146586
1402.9712714115178,1607.5693471090763,1406.7275678719943,47.07570658052519
1397.834593821141,1566.569755860389,1388.2142721522982,45.89621963613146
1391.3950698967965,1578.9044327932236,1414.0431628199494,48.29022619380882
1391.7971158813941,1561.5517403031208,1402.4523584789424,46.012051878567455
1399.50870094676,1580.1472536284714,1409.4964149861653,47.32445811687248
1391.8486284329936,1550.4290612600241,1382.8490665281747,47.174848485223
1389.3073132598424,1570.2473315809007,1406.776371019249,48.119416390415616
1401.5964534153784,1551.2749227014376,1399.923259363155,48.351186761042456
1396.1753417386872,1593.878464663825,1408.5192907079083,48.041048916451906
1422.5598948287404,1594.331786795193,1409.1486779809784,43.8409906979253
1360.2354528741048,1545.3947453903131,1400.6578468947475,48.79122222201969
1416.3726027788368,1606.6777149100114,1393.9917036090408,49.2909623362919
1418.6912778874644,1629.948302528397,1407.7969618217949,46.2768135735178
1368.8991465138777,1580.9201277347267,1399.3984550059488,47.35497036900927
1394.8596860887947,1567.1777147955072,1391.2721504647236,45.663752479803826
1394.428387010063,1636.486611820061,1390.7984776854232,44.077432239901775
1378.8873245792327,1553.6206300339497,1385.2283558368763,45.89192710168642
1388.3327496861368,1580.402129337382,1394.8970884043695,46.18979144080458
1383.3413623180127,1583.5924454526385,1411.026920460744,46.467723902972274
1426.2840566513544,1606.9029524090483,1401.7782979970543,45.56162886499102
1414.035175897212,1587.1947795025358,1394.7023229407696,45.899862249774145
1419.0733264249125,1570.027322084231,1408.0485593818007,46.983490517557385
1410.8250809606486,1560.976312592241,1391.675233782766,45.844659525334784
1383.0642234317415,1573.1635635950772,1400.9535027433278,47.81528649882504
1392.1321960058035,1559.8614527810971,1398.2036962727448,48.02249097709616
1407.3406184184187,1580.9565063956936,1407.7913062558835,50.57058161924674
1381.6680828666208,1568.7160764027903,1384.227716290805,48.68851989818519
1410.694976452586,1550.119244134205,1391.4980225418535,47.36465458749262
1396.395119027628,1605.102915767498,1383.6175434090546,46.06960355499848
1394.3776878867561,1570.0465495314193,1397.4040327819073,47.440621027511
1410.6643995230525,1554.6372639004937,1412.1142750363242,47.489893939874534
1406.6639496722905,1576.6348173102492,1394.9455279034648,46.23003036649151
1394.5855075127138,1581.3674313193533,1394.8931606180436,48.17559709512932
1417.3899470504637,1545.0706654884193,1408.7172442418414,44.90285297797719
1383.7840500860016,1586.6329533425153,1410.685495584553,46.63340024669373
1409.239034104164,1559.0568486261948,1399.114289327312,47.83378768897611
1408.8965188695258,1614.2205761838159,1406.847148540499,46.56862377861185
1395.3568034102902,1590.4792102415347,1389.2304545912205,46.68986839485609
1404.8919953336317,1572.0020001978137,1413.779743339254,46.79332120821158
1381.2332963542206,1565.096644593653,1421.4870629393706,45.74659813896838
1413.8604052881035,1577.9006458487274,1405.2121579118873,48.760851397361314
1397.2264679533553,1592.2558148316657,1379.156683786572,45.472943492115775
1392.1591546922143,1579.4901174282961,1394.4176973760223,47.47723899111483
1415.7351383875534,1575.656823857263,1406.128253216693,47.62047184742356
1389.4348446418587,1581.1674058163578,1395.7851700283363,45.57706714818655
1378.8730805545465,1567.9228213752608,1412.721985542501,47.109656381571114
1376.6505623971414,1573.1358814631392,1405.8815726443586,45.635551740882946
1409.0901492701846,1538.2841512219,1392.935244992342,49.08656371258392
1380.7935597125559,1599.4745246170473,1400.3226481077124,45.29182559453568
1426.3219127297655,1585.9759556064353,1391.061667793609,46.01915435865205
1368.7710588817442,1564.5308831193313,1398.1741512158756,45.16366248746663
1425.4468455243505,1617.9746996271049,1394.4540675956746,44.96345190969867
1403.1652620080392,1581.7403296078478,1411.7476180023305,49.38682293632344
1398.549303321944,1559.277128560496,1421.16012056831,47.81416201086884
1391.8262136978658,1597.1347484294092,1385.6881166676426,47.210440138550815
1405.987041715281,1587.9609643301853,1380.7678371379025,46.01513455497962
1399.4354794636272,1587.8915997096844,1397.5482757814862,48.36141771657015
1416.549528230248,1571.4848879069682,1384.8158430117132,45.763666340948824
1401.7134147299305,1589.0099144755607,1400.4621160367092,48.19045894149515
1402.2545264219282,1574.764834195578,1407.4893611380592,45.69123308509155
1394.5458168167922,1591.118829032917,1414.9414189726683,46.03323844718649
1399.145815644184,1541.9011109197872,1402.0139455871529,48.13742357917688
1404.6170265333808,1571.3225307404161,1398.0684477515042,48.29574101623365
1374.3474741101506,1614.443101956164,1380.2161508342692,47.896209400845144
1379.7772186684142,1564.658650891994,1400.261851491858,45.425488826364806
1411.1489614103407,1567.9232340501362,1400.7128726054946,46.32990970141576
1402.5629815719192,1571.0407732310005,1406.3895681421275,47.23534811179777
1397.2402499547097,1555.703877282227,1392.9151189847091,45.72607855713486
1400.276508995981,1535.834384475435,1395.6494739976415,49.05644414019394
1405.213725580425,1575.3882720295278,1385.2199774469582,43.397079584074184
1391.9036047953596,1582.7171884816332,1377.0870719311592,45.83189072694627
1388.3254291189653,1578.949898629227,1388.9150290920322,46.235650245695254
1402.9376788264651,1577.1024287610423,1384.29674185747,42.73408450284235
1385.3244083357745,1580.8608174170079,1403.367122954206,44.90565630464572
1406.123791335717,1600.4568294310152,1394.8186594333315,47.9379342688131
1374.4612459364323,1576.1910762814157,1394.617628699252,47.04542545482945
1415.4373345598847,1568.5183484582546,1390.1558695382478,49.359704033064354
1407.0889622361956,1574.3774903022384,1367.6743456748757,49.317839668827226
1403.840446014708,1591.5869351951355,1415.0831074874754,47.64956956790592
1414.7403647591827,1608.240537570865,1389.9972947722322,47.469857373501064
1424.9821166669387,1567.4371252166163,1395.8757993015008,47.09889666286835
1415.215550975272,1581.9786757405777,1385.4510783471069,43.01737697318077
1372.3868865300253,1586.767148838719,1409.7193034344064,44.908160730010884
1380.8063454989644,1560.1484398654236,1401.4342893703733,47.151013254648404
1390.6277213345647,1580.4083433442584,1391.7363471473413,47.924038563121506
1400.3913657531625,1550.686522853158,1396.0777038865597,47.43450471820721
1407.7648853070368,1544.618993925212,1416.7817992212488,45.66130254842651
1389.113842802698,1587.334928157845,1399.2703056811872,48.406109423704244
1402.8015014671562,1572.3225051733843,1398.182664623841,49.223666043131956
1388.6692560147,1584.0456081524244,1390.5861851386073,48.40698440043701
1390.8272329551207,1579.642100459833,1381.054188495277,48.48439899438571
1378.9000835472766,1560.471999026724,1398.3996132642067,46.16116130306718
1386.1515013083365,1579.0949139607133,1403.2548511232462,48.6139011840512
1379.724730915755,1555.337973899703,1410.9958446432768,47.218637958991486
1385.36190120534,1607.819447160028,1377.5150346550035,47.76733329278301
1415.8046269491176,1552.8805931028007,1388.7490367297696,47.548147764237065
1385.7590166675209,1576.0842945806285,1394.1925890944356,46.81776934183938
1439.4857309725608,1559.154568239055,1399.9651915142679,45.70999628731655
1407.3997685132133,1591.408423467216,1398.5496630847158,46.87679500466893
1402.772541855423,1573.3713725743698,1398.7831131431274,48.48014242622423
1387.124633297282,1569.626665607576,1404.0809605856994,46.337786292030636
1410.504648191135,1597.0640309010312,1390.967068892209,48.34002089391222
1391.3654326064334,1580.588611833551,1409.341414422337,48.10560600592651
1401.8301472196804,1590.3328889187194,1404.3345244169948,46.55159390447025
1438.401268074032,1560.3734812696507,1396.8016773587192,49.08320015542937
1398.5591015041302,1551.9036611214499,1416.0090799188893,46.466679993213944
1417.2390998942851,1582.1441592408028,1415.5641603557176,49.26432029391895
1389.4523536231118,1573.6230728901053,1409.3289535519382,47.651190472311455
1399.4751726425457,1592.528693449079,1369.8144322943222,46.97620112231973
1426.5620095345325,1578.401830946749,1415.7894509271798,45.66829792949352
1390.5954941331836,1584.1015067846927,1407.9475852247194,46.86760965479744
1427.186728369954,1547.5323494011752,1420.0640863771293,46.69436072975837
1410.6162790318322,1617.7687387922851,1412.3746459173353,45.11255542212364
1391.562998361586,1576.7151602993595,1415.783426774973,46.6735768659235
1409.486116085833,1593.9517394067839,1408.7865485018037,45.79429522985437
1414.588316744401,1563.2781665956074,1413.4869319864551,47.87898765346817
1409.327149433258,1586.1601980443468,1419.9412374073445,48.9594207135923
1376.4466292016432,1553.9431047295052,1402.165547383782,45.15962648555714
1389.092942362627,1589.0413567651933,1384.2776945592186,49.568461592550385
1396.2872204667274,1572.8805183122834,1396.9253909998486,46.807173448422304
1398.8834985634994,1580.5838100787114,1403.8994559938344,45.53746792259223
1409.31008146326,1593.9594806026018,1400.7488758437155,48.136632170312275
1402.6655150139989,1555.3491937755944,1387.5343803384058,46.33031828261743
1379.9698346193484,1566.310165387744,1383.6893237480501,46.87739498595276
1405.7029677650894,1589.1464856217353,1392.5883733136518,46.39358263368188
1409.1587861792573,1621.964429490935,1408.0773955598415,45.77489310220265
1408.3968567189656,1577.2383533067705,1415.8033977082298,48.08599554860285
1416.2117108833193,1591.8227223584786,1409.165676137777,46.57054789565872
1412.5088323182335,1577.8605706028304,1410.5742728711414,44.84502231173113
1406.8877011884265,1618.844911895126,1399.1918442683643,47.8265901863239
1398.9475143281204,1545.055566660695,1382.5791754229404,45.19162647346437
1375.08558599726,1581.8924208933872,1395.447794191173,45.27010974098711
1406.4442732869888,1547.4891193287588,1397.4123558812762,48.78890930746597
1403.1153153074467,1529.8685685892656,1395.0294751316433,45.205490151184684
1404.0736825579306,1585.9492410623564,1400.5469486537463,43.525332714608766
1380.8487713626953,1582.7899559229493,1404.4141975989296,47.93429222744224
1383.784151893876,1574.303261245156,1408.530151882435,46.544204855778304
1415.7972927999936,1577.876118199205,1397.2188013563366,46.673517318292824
1399.40667269215,1641.9659886814252,1380.9624059435541,46.5282494099747
1410.2225104605893,1574.8364972393713,1395.1712228070887,47.34750490852809
1400.424775641957,1590.2024872250015,1400.43710396992,45.8709211371454
1400.4463420924362,1567.0127036077224,1412.2280792213342,49.21417231184865
1414.07425708964,1585.904651500812,1394.321921578159,44.785654279535905
1392.2593290767395,1575.2353264988876,1405.125436283994,47.66731237501568
1401.4418116541146,1571.7896303454054,1402.9008789963543,47.96318150581487
1393.0658706694244,1616.3779706440064,1400.4390053312338,45.86052235874993
1393.4825565885153,1603.5436992636867,1409.3053331932458,45.46439833208327
1395.3624181479704,1582.7349329479846,1393.3915880324741,48.52576132125523
1403.3320065745056,1533.9157612811207,1394.2481355035648,45.51370886897493
1392.8187706750477,1572.7798155349485,1399.8809917690578,46.09000408887415
1418.836341883603,1634.0605512881016,1393.598534949063,48.33096344368962
1386.5808904667074,1575.3867666672058,1405.080122910546,47.052111850308535
1397.1969253375796,1602.064351441073,1392.8680769563387,44.30428449855634
1393.4040341258874,1608.838848039052,1402.2630420774512,49.62058871683027
1421.704668265306,1584.3792783171195,1398.9982723121325,46.20498386183005
1402.9483216476735,1563.163567362637,1402.1492596477672,46.39586406514037
1415.4776680920295,1531.2937533643421,1395.4025860493696,47.38367637848955
1377.7165944044455,1593.6832641721792,1396.6091170547318,47.93761519550611
1404.0057539880388,1563.704879943529,1400.9600926799706,49.9416564369372
1413.3444619343516,1583.5230090377538,1402.020745061613,44.50989777589145
1401.2342598391313,1555.0035932082128,1399.9579808460885,48.23892831338892
1415.9822056259802,1574.6952491905959,1417.053623565131,48.11451454107512
1392.2406732484944,1580.674381098021,1390.0926308125872,46.79425263368883
1421.1402116027837,1585.371871620886,1399.357962050473,48.18091054222433
1434.4834718542888,1557.7035562529518,1384.2637097788302,48.401411026454824
1394.557421593405,1603.938218975227,1403.7208147866738,44.92705582251949
1393.3174621789885,1568.0621043053607,1388.8475346362318,49.62464975882125
1421.8007671567655,1546.510610790935,1397.2168974412343,44.66185662029279
1423.6935821859606,1577.8195316007307,1396.2793567466867,45.29702557814184
1392.157099592701,1580.6875061805292,1402.8089112660118,46.60731848956386
1393.6971977435621,1583.2117886634353,1394.472090824548,49.88741076978059
1395.7732308670925,1607.2426480737015,1394.04694302306,46.53761505536992
1379.833242334486,1575.2710232652828,1414.358564640859,46.95209916492379
1386.220220802737,1577.6076075126246,1402.8456679047454,49.14811790585684
1384.937888498719,1557.936312375338,1394.3894914797772,46.54952278615179
1388.4830365234382,1596.411070057758,1397.4916632818877,45.232344930603986
1399.4797266891983,1583.686181281562,1416.4535495227074,46.37414774714253
1403.5132209880478,1571.5994454541167,1397.648351217489,49.056187750708666
1423.2575073922112,1541.9065061306908,1393.1072337684761,47.1062974955827
1385.0246893889182,1608.8882439011018,1393.150038498736,49.89598738858439
1414.7648359771488,1555.4464007108788,1394.5087351901043,48.106902389393234
1396.7901673366173,1568.174439812606,1394.0550227757328,46.032786595409775
1399.2580443552135,1587.1668902215201,1387.2035215165076,47.07661445669762
1410.1222923824992,1556.0688414276663,1388.7579990305303,45.720172822787184
1383.1591696765656,1550.1298044349371,1391.7067962563863,45.997350454026844
1405.7361461927608,1537.5210483459866,1405.915710184531,53.71862637653864
1402.4967831231959,1594.4199390581127,1396.1876271272713,48.52793676505072
1407.3867689601223,1569.0962751054735,1397.9283831090595,48.29164698351001
1404.3375296586173,1638.5454018494665,1412.700880252549,46.06522952703791
1436.8295020986634,1560.1128986873825,1412.9500714993842,49.35437609942162
1390.4339002362303,1561.5709795314215,1397.1787505686227,48.649123402689405
1392.0350456749727,1568.692140594292,1393.6913648931659,49.82243193403666
1390.6528921036286,1584.8626931027698,1391.3556968632647,49.74967122259768
1391.6678432125962,1570.5959332242937,1406.9277576970824,44.78136606785372
1390.4391930904023,1592.2466442800503,1397.9529276647772,45.33524076609514
1417.8352479666132,1560.4282322002268,1396.135051096772,45.49431827680455
1421.3075637198478,1552.3681656307283,1391.8633542486245,45.58408903500134
1391.438805593758,1544.035705211818,1392.303335909886,47.485178546390586
1387.5146664034366,1535.5285166412561,1403.2005819149324,46.149794821856275
1407.0712333457961,1569.6386196104988,1386.8456173411273,50.10889781114378
1391.7166543357855,1573.9803937521356,1409.9486869378793,49.85701982312246
1409.4939772663326,1567.3712594503363,1394.6615535618507,46.99030760888144
1403.0438453127695,1604.8681159437433,1398.5036405574822,49.932989324224685
1377.2638382750415,1604.5606041921626,1386.6302204185945,49.2322019408603
1423.212578019951,1573.30394025111,1399.8763406175763,46.32394016123411
1426.9381650964328,1544.1215777361608,1396.7167905730944,43.986176983961656
1390.8081696427341,1568.665897838899,1399.4991940114353,46.67304742255891
1394.1844766009604,1568.0035721216589,1414.7170889836189,46.03306680338229
1404.2879808608736,1566.857300754439,1401.7769804579025,47.30975843771875
1405.0168518498053,1566.045621922035,1392.053408158542,47.13384243031212
1409.8781640900925,1566.9307420855039,1392.8868008945344,47.09452648834884
1430.1530680814953,1572.2691676820448,1405.9513118591376,47.78552711206875
1397.3457915875892,1567.289178023689,1412.9869329099342,45.181217079374484
1388.0255413319233,1584.1664501725118,1402.8191802075105,47.61704041635456
1379.3102115797822,1587.2073743180972,1406.8871274455478,46.340575770474494
1389.0360494008712,1561.7870982563502,1406.097377233367,47.29997329979553
1399.503095406893,1605.4213065201407,1414.1906441335752,48.43611476784829
1426.9183679527669,1560.3987539631878,1380.5040982727396,45.16340034016846
1392.2358305144573,1547.6439877236933,1406.6721893930453,46.578059520995645
1403.3568192745836,1587.6155614273011,1409.8373604390356,46.82219864895671
1399.7536565589087,1563.6518373117133,1386.6127629386442,46.22859654264404
1417.8258991017212,1586.4258294151477,1391.143318159936,48.349744244199435
1437.9039863881044,1531.9266279779895,1391.4921725137185,45.91941746179929
1392.0369684061952,1607.8491188296614,1392.712098036226,46.16689940083649
1392.6584083622267,1593.445868160808,1395.1828294906447,45.9351213005719
1415.662413156036,1549.99046901674,1402.4260281305494,48.6380831171582
1410.2283723443948,1550.4244575230744,1408.6567465116736,46.26133383138168
1427.7006098860404,1613.4453180819505,1410.8131695776854,47.69006808632533
1408.7589227798894,1565.2524019300408,1391.6217693883223,49.96355765184511
1394.6106186381942,1563.3163030253475,1391.5529700129703,46.88777236947412
1408.8598224603847,1534.6789581170144,1413.1582184001622,48.66809102004974
1416.6305537087437,1572.9844358879689,1406.4674393541864,49.507031126139694
1412.3072327179605,1575.4456077032848,1400.82864841869,48.54078734006062
1407.6091104666095,1594.3098619353898,1404.7333667555497,46.97479802603339
1416.0001203438374,1552.0184314363105,1399.7019621814857,47.96316163849792
1417.539433856685,1549.5942641551878,1405.2458468304762,45.068932110296984
1420.7323848655628,1589.0192526955295,1396.6393330349426,45.829935262775074
1409.7306483138445,1600.1346014245412,1402.6880493443923,46.09298722755212
1397.4932287952472,1548.5769529776423,1384.894539496305,50.36091818026142
1402.2007052964998,1601.6302817259948,1393.1221570517457,45.7811232286171
1418.0976344976254,1580.7508368297365,1393.2298882320965,45.75878487310725
1387.7459649351915,1601.8361067814928,1396.2560996679308,45.434118529626524
1405.5300996330934,1578.5955927696477,1390.7348674522025,47.83971764289614
1394.0999178150896,1529.554441650241,1394.6645637417691,47.21393208900332
1400.4311723440223,1576.9606523536793,1384.8558593760188,48.630138465539844
1419.1767779391096,1601.2028763734254,1405.487004763949,48.006889499116035
1402.8664860202985,1562.1250796183258,1399.174864810886,44.9294152299139
1400.6965482223422,1572.240700621851,1382.9479239222399,45.78908334498444
1379.6021578853013,1576.4773299289805,1391.6517008945332,49.04799312241373
1411.1938034904083,1522.0097224026304,1403.3660142756216,46.69505263313479
1409.6822627171161,1613.4269515087494,1394.5697805361422,48.78138772702702
1432.4488208495818,1561.9724864020566,1393.030585398619,46.77547857812702
1395.383326475705,1590.114708649456,1399.2540732299192,45.54851535756722
1403.287254914959,1578.2659772770357,1403.4359753517822,46.54510883349994
1403.7407552556613,1605.1523811271873,1385.6364754296085,45.54792530667545
1423.6617991964522,1588.1211224485617,1405.5012848121787,46.151670856396365
1398.5705670141958,1575.3015145695806,1391.9970671839262,47.30138855984787
1404.185322886555,1562.1296981496143,1399.820720317502,47.76740763555353
1409.1184476457481,1595.9570140276428,1399.645798593085,44.614713015118554
1402.7991368473454,1542.5311739209076,1394.7293388176022,46.973947988736356
1393.3034957817422,1592.917808405518,1389.7634025386928,46.12007639666037
1402.9113498934746,1558.0191049689026,1397.1431345190774,46.02737778656178
1416.1044762478966,1605.0456732391328,1416.2533030907518,47.19902692869962
1384.6022705088342,1583.225990853254,1386.3832496953637,46.17432219096618
1401.9945451122032,1592.8824753570022,1416.9231301910488,49.07320699227001
1389.4981877759124,1581.6397762764943,1397.4027882892346,48.78209281437659
1417.9256994338725,1544.9524580971802,1400.3537141708864,48.772742440913056
1377.1521964282433,1562.7854167320932,1389.1328918861527,46.25763470676455
1391.6161722909262,1593.4477867522276,1392.2873058332252,45.55625174762102
1405.6581781259679,1583.333116347197,1394.97090349962,47.12304489408217
1423.4828604385152,1603.6197981061134,1389.5430502912209,46.7744774505706
1399.0137460839053,1588.0654912607433,1397.9108204262914,46.086765256364956
1391.672007099602,1560.665962185947,1395.9298410819322,45.23639832999956
1428.2173560416088,1564.0787172455873,1418.5078114243574,46.937723046097894
1378.2797914937564,1582.0583478104647,1388.3402581431953,46.39389582462129
1367.0179106506987,1533.7191186799978,1401.026905167486,48.03252055555703
1406.6002167508,1613.4688377124596,1402.4784628190182,47.99765907728222
1392.469186634711,1588.8349347275512,1389.2967945134817,48.65119970813407
1384.6815077430392,1604.5406919409775,1406.8682749545285,45.11105667217994
1410.6253467094903,1548.3879211838166,1396.0167298711838,47.60158746154045
1403.657010706568,1604.891303207105,1375.0761034841694,45.90880144064949
1391.538820538949,1624.629978220555,1406.5984961210456,45.16937868378337
1380.7954340199367,1553.5824328924537,1388.8305911589764,46.357096644576934
1413.0868599242021,1595.4280358980752,1389.5222505386091,48.603057470201925
1409.75301766938,1580.0221988937458,1406.879020828924,46.441522469644276
1398.5123620433092,1549.1113230350352,1396.5283851758154,49.34818198993867
1427.699554940715,1589.8576794370374,1409.177721505515,47.8233177732805
1383.9487285051077,1596.672064096747,1412.1016609536532,46.408864281529134
1377.117122436129,1567.977468946623,1393.550715396777,48.74007264335961
1389.6213789517813,1603.3183304051045,1407.9326249595504,47.668095158171425
1399.3162097546676,1546.664731864216,1392.4453919860712,45.60116091732994
1403.6500917398405,1550.1048770710072,1422.3311591713218,49.788203953370775
1396.381459132155,1582.731947911775,1393.0704299546878,47.389218234629716
1405.2808309477145,1580.5077055594454,1410.2608744096,47.02819428797824
1381.2269086371434,1565.668530231518,1408.4379002588157,45.71670099514158
1421.656469061099,1596.1918887194377,1403.1608782210894,48.76930740141161
1398.7677323241114,1590.617886284319,1393.2945683858331,47.77591314104196
1416.759437473822,1597.1627814186804,1398.486025080586,47.94385727044286
1405.1408801956657,1577.5372712929548,1378.4641188705546,46.238702984711345
1406.8512982873067,1592.0516053595668,1402.2442003838225,48.2511508578651
1408.546509203483,1571.0869939394001,1403.496153310284,48.367720390356205
1406.7156284002597,1621.076373801732,1401.3349941906138,45.99683264182832
1409.6408413980132,1563.7490845975603,1370.2669382870745,44.874514790478514
1419.9372879519865,1622.1059485891662,1387.343635549102,47.87205958900839
1402.947817545522,1580.6977589417882,1392.5190901715134,44.63997957559139
1410.6350563638277,1552.4897822086252,1402.9165893318905,47.22802366675667
1398.6539645856917,1607.361587009772,1402.89338905643,46.32913234281904
1421.601758231742,1582.5180277678992,1398.2977620802883,48.827997816183384
1389.8541154691109,1597.0224819676048,1406.3524553660395,46.41073416384919
1427.0141064936622,1604.477118370852,1389.737576246971,48.660909458005705
1399.3976307403348,1586.7591110829005,1406.10235005694,46.22868583345546
1378.5383734682293,1568.1551831037436,1404.747421048399,48.49998650758942
1401.9215662236618,1599.514267553385,1403.7755473283792,50.09051231575525
1389.7842251378768,1580.015110149092,1398.1795956891435,45.39792929245064
1412.6096532348308,1593.7171563721683,1418.3074382483126,47.43805358259636
1390.2106403104642,1536.9253885241708,1404.9319568848987,51.1231736238651
1393.3072485017783,1588.939634340197,1390.3166413674644,47.09988324035438
1371.6568890358171,1567.2282834970995,1402.48305475736,47.09268240534447
1393.215405211264,1613.0661927435706,1407.5248337707421,48.18274842102653
1363.6418101005656,1592.461746957782,1394.118914010757,47.06162129614213
1376.2414576477142,1584.7971549169858,1410.892722469311,44.43916100814417
1411.4062198421645,1589.7261998670044,1403.82033705716,48.69843106225841
1411.7870023797625,1560.0311829424656,1376.5752166233465,43.99557737920221
1406.3818634267745,1612.4651338105612,1402.9967197733793,46.37481252329249
1385.4953578530617,1619.8274083683382,1395.9397084558727,48.81113862373497
1399.2843296578703,1587.8582702109643,1405.3717981454174,46.46518635703582
1399.9459619136414,1611.8080713714728,1409.4421484025181,45.9594552613034
1382.6245296621119,1568.6170360265494,1401.9516204714182,48.318895857749844
1422.5509745265072,1564.0577286755004,1416.652522339447,45.72332781974842
1413.160434358635,1580.8184949745785,1398.2129311543652,45.16666142061207
1396.685537392555,1588.698820767358,1406.2481782305388,47.411770981239926
1400.403287584918,1572.1202663751376,1408.0494257363735,46.725615052381116
1403.1257421192133,1590.7553638073696,1399.0265403110727,45.13449032871674
1369.3739769736355,1586.1277896414683,1407.7877430797778,47.955428809992306
1396.292339262191,1560.033864494179,1394.0532701283782,47.69673140836585
1389.770236280033,1590.3758603490344,1395.7743158097878,46.46036747509155
1384.9756998515763,1597.2705648504304,1386.8751130966368,46.56300199081258
1395.7834956067106,1583.4293863518078,1402.4140911637005,47.70558911301374
1426.9652979027428,1603.052962065234,1403.2525167585434,48.7855421296281
1409.612642919005,1555.651924130061,1411.7926315857924,46.575810184836016
1391.432315153258,1589.359008442637,1407.9114000435588,47.98203273951221
1408.5887417203423,1556.5943858720645,1397.1520444335256,47.8478003256269
1420.99033154879,1557.7183728353382,1388.2182031266573,48.318960939063466
1413.8695052436915,1567.381383325244,1404.3285040251997,47.0589637981152
1400.8944555488026,1561.158796328515,1411.1075317241464,45.63151172890046
1390.2959483344164,1569.0400836251772,1407.5518497380394,46.30625127020004
1410.4733497042039,1575.7169937857761,1410.844775248573,47.51428019867247
1405.9022807813262,1596.7430897266277,1397.8811046880176,49.72769656757239
1413.427898300416,1573.5768192258859,1395.3338103182436,46.27397056520558
1409.5275770252294,1548.2874858646082,1392.630986477682,48.2071811652911
1415.74329072979,1602.8013569299032,1399.441035333864,46.50791532398486
1391.9714718265914,1563.2581973276992,1399.2140920403117,47.165703133829204
1419.7609109845148,1578.8255914579074,1402.0667762853911,49.27309512389539
1402.963994070386,1588.9307301388142,1398.707025429645,48.14643887213065
1431.128913089379,1583.9922083680556,1398.6637227027322,45.13805109088857
1389.6621827286565,1601.8835909504296,1392.2330594702785,46.14128746428261
1426.0394570474787,1589.580062867855,1409.4161901355149,48.884332016662036
1402.9686617519396,1562.773808406058,1400.7651806224371,47.212817063942744
1390.2287299457832,1623.5712434798331,1398.2555606571473,45.2767398205762
1392.7417124891851,1583.8866692667646,1392.525707467508,45.771571332539416
1395.1947903770852,1577.0531954675698,1386.6808688960891,48.055240284066755
1406.3624891960287,1599.2785084611114,1413.0796419254934,48.491615421826445
1407.8425323205324,1584.9890189186015,1405.546387081318,47.026782952223265
1391.3944999409214,1587.9845638587865,1383.7608215743003,50.71297070140415
1399.6346811160852,1629.8436799720137,1407.6314230070966,48.23622854518346
1432.1340553791779,1574.497571434899,1409.2248117023312,46.63477839555065
1425.9131475515107,1573.644782119652,1401.2437612230092,45.776440927850985
1406.5448550451106,1582.3315702402492,1415.9811089575176,45.537673543041436
1400.570052172523,1601.4303187116207,1402.167196421229,47.50313198072055
1401.800469900774,1549.869319396192,1385.831764720508,46.26683443262989
1409.2027695909562,1540.68888217047,1403.6516900104832,49.51061563097514
1384.658111522024,1568.2576945875971,1402.4489730171274,49.19946770437679
1396.1393519386497,1547.3215408188144,1393.9670315122185,47.94959982124584
1374.9712388918363,1571.5033730494872,1405.7355883687742,45.23150574056466
1405.9883468390792,1590.0499939225858,1383.3233473380915,45.99167169117139
1409.7079390955412,1562.1850227289547,1409.9056682744279,48.88351628861165
1392.7522030655093,1551.4634684643731,1391.2187829639454,46.15540070030735
1423.6098014493505,1581.386743234307,1390.1505387488296,48.68321260087929
1381.6135150549649,1597.2508696923035,1398.8617522769252,47.71190588455214
1378.0343767968527,1546.1005312296677,1404.3297292804364,47.07757682721978
1403.3667772783995,1596.4046479661197,1401.6392406359344,45.94575078059684
1415.7064745391824,1596.3461240747665,1392.5734083422763,46.85863423471287
1425.258915371868,1599.0817020431325,1394.939107088081,47.28447193231235
1393.116736056966,1604.3696042974336,1388.6695765262255,48.54880834745168
1416.1802125014694,1624.0402784931923,1397.7532009837014,45.671396599049366
1399.4223729574894,1572.878159027619,1410.7502121451091,46.605774736210826
1397.4105905008878,1582.1914316015573,1399.9573706235612,47.06723469789843
1413.2548990623002,1571.6712313350395,1408.5941425475946,47.99401753652925
1409.7848431762013,1580.0395368951163,1414.554013377262,45.637303493715834
1376.3541176452363,1610.6574671127262,1394.1198148096303,45.025145310669174
1422.1481052458885,1553.0997103213867,1398.1342674694463,48.010947727565075
1420.7013703122118,1562.7790065566885,1421.711928610625,44.723076327579946
1390.616559477357,1607.543618730091,1414.4434341197993,48.92746957214325
1405.937053001561,1600.4007301380418,1383.2759547418764,46.766110853775636
1407.410452794241,1572.7373670636584,1403.8714831606092,44.67870337658833
1403.9101064873587,1597.0880400224144,1400.0055999233969,46.27936967089476
1391.7454226923187,1586.8243168498407,1408.2645311085876,47.568685449603855
1389.9256494809292,1610.0054921800197,1392.5502123251495,46.20094836866753
1399.6166889351284,1581.4901918765354,1391.6039162795932,47.03004462323652
1417.5909352888905,1600.5126422774517,1393.239292847064,48.11011754855793
1408.1540023189166,1632.8402382098525,1394.2807145380157,46.696714496918574
1394.4407850187083,1591.9619831009493,1408.1532416680902,45.5944134853008
1411.5754806597251,1580.9865633158968,1388.1879882685112,46.55152400394224
1357.271860690549,1594.4489397044197,1393.773861000407,49.12226020468889
1417.2314855055815,1572.6943828359224,1382.1098760949856,49.527596517999775
1373.9042933183284,1627.7593541104945,1410.0711782341236,43.970110739086586
1394.563385878953,1583.6014207539197,1412.7103009943114,48.636541863787215
1383.204951580608,1574.5413335954897,1396.7292656913621,47.375221574053036
1380.5797778641863,1563.2862198995992,1397.0205063518679,48.38597401868022
1417.4124018106777,1601.9444038321287,1404.532219022829,46.17426760959856
1392.9844819803216,1597.3437482565548,1414.7448200737826,44.34760473574777
1405.1975582259608,1570.052912571718,1404.0861074756392,47.87673318297119
1399.2961913168122,1591.5290269024485,1393.0245805752488,45.588534108075926
1407.1556124083468,1549.828880635743,1383.8117742801355,44.91756135277272
1401.152328365904,1583.6994115014631,1388.848737373365,45.0223979262898
1380.7551166371713,1589.055127041534,1400.7321945031247,47.901370673623
1414.9440022917072,1614.1465961911845,1393.446724767992,47.2091786990438
1392.5936512525802,1564.583623945426,1401.9496770599076,48.17369903281201
1376.6512715201038,1554.4329474239535,1394.4707598376376,48.003612881744544
1393.5782725855113,1562.0914407814992,1389.418535687056,46.36859965312435
1422.5113968595147,1553.2686299937016,1388.2296836854694,46.89428963918382
1412.7533261317024,1606.7331471551797,1415.6235450937322,46.23284370682619
1394.770217983882,1610.9727859004806,1408.8898774918364,46.68450834070176
1394.7611344352235,1586.4043315589765,1417.3051795182796,45.5491178930284
1395.1754742317394,1604.425898913703,1405.399509007551,47.585726440811506
1431.1512197534125,1582.6791676116047,1395.7000859138516,48.61268112347263
1405.7290317834734,1578.0977670459847,1413.2334092248993,45.77508045526852
1406.4506247078662,1573.3392476189247,1399.6693199863823,48.921904468102014
1415.4542518104777,1573.7921801724488,1402.2084177029035,47.170282244716915
1403.5818373853976,1549.0439688738193,1399.5717562092448,47.36161846460872
1396.1143678126894,1585.2850952721467,1370.53095780716,44.45085572058872
1397.0547522637253,1579.1933217957192,1416.0473501229485,44.2891065356514
1398.925981108789,1594.9072144815575,1404.9100394595775,47.216174544169526
1399.4416664523524,1581.870469928772,1403.2982306086851,48.18459818694801
1410.9144431545546,1576.7459259686182,1399.3822393772944,45.99292933453257
1400.7791882871095,1562.5761393998473,1401.6342782038614,49.50514085087463
1410.9896011582337,1581.4430647364352,1394.0272106415375,48.10240396138148
1398.7892512983713,1594.7647446163232,1406.1657935230728,45.63748812243802
1401.1795278547413,1557.1332201783227,1386.9290165560087,47.046273000580264
1370.0269897320184,1581.7494750736148,1401.8606843247055,50.71539370058512
1413.7449151205371,1584.6608590305898,1405.615734705711,45.13615399580044
1405.19732713847,1565.6387043276347,1398.013308661771,47.79240490837266
1414.9701516478947,1568.24287390184,1403.7086779247102,46.51588317091499
1356.5561693270947,1584.6122169753244,1390.0866560776576,48.06034443637777
1431.325620571711,1557.3315796341476,1390.3417322910404,48.90091046947757
1397.9061555776725,1586.998474304988,1402.367171210264,46.42064436693295
1416.6227422510628,1562.092912526816,1406.7854965462104,48.67836840756076
1384.401411093117,1601.2570738606644,1381.251343444983,50.331805091407944
1409.1916085759385,1626.756554907766,1405.2202063511077,47.09941210601635
1384.1987665523952,1562.7848639659635,1394.5679849962366,48.177333031241275
1390.643465589563,1590.6841572474934,1398.0719391269258,46.11433884469509
1428.7104703080017,1565.4651619023596,1386.6048207643496,47.02888896354682
1397.1397639885497,1600.8190834759557,1391.4838275981328,46.73498736093764
1403.2614930976958,1554.6948318182956,1409.661253255303,48.195403888487895
1413.0510159603314,1589.6117351685543,1400.3286337398022,48.80701390363539
1407.435228319589,1562.540220662213,1396.1722159829044,46.83551772632381
1402.2562835771537,1575.8603082180325,1398.8351164736896,49.30043426859938
1405.4744150369934,1559.3794944970539,1404.8921182466431,49.295071162342445
1436.0512337785742,1596.447009417915,1404.4049449616334,48.27028061476985
1399.1357180444961,1563.2603929112083,1399.249729996032,46.225960202417404
1403.0164857007246,1591.0392851866366,1410.9295911089666,46.08225677489015
1415.759815940114,1573.1180394347534,1409.7046263690668,45.781427967964945
1416.5828889943698,1577.7105525640227,1404.133720291304,48.42374910535724
1417.8054545834057,1582.9551181480026,1400.5461178291007,45.18234768876595
1409.5809533304378,1564.763506566823,1406.5732109511953,48.01525648116651
1382.8549263090426,1584.2073422708177,1403.1426742180117,45.378335978263834
1424.5014729845163,1610.6066912870883,1410.6080007180594,48.23531917976296
1382.8048191047196,1564.4381042833456,1408.995613767383,47.02582937409584
1404.5395319785855,1603.4362028654768,1389.8174609858227,49.00045784278974
1388.6858622497095,1609.9619526697556,1389.140368292583,48.71218186748191
1399.0379248011052,1563.6769002194392,1392.9875045559593,49.15259811800317
1404.931436154552,1550.898907898189,1409.7613869006693,49.19122807743367
1404.8203582317542,1586.0392180034353,1384.2369100322876,47.215446250982296
1406.3288113135293,1569.0518495446624,1403.9475738910799,45.261810400363096
1424.2056690358797,1617.37206438326,1403.6254309109297,45.42121541750393
1406.8030145227096,1580.6961508099967,1411.6264805868618,43.86972720602609
1396.3376504706403,1563.9560118392965,1401.803386906639,45.37450124985786
1414.4613075243253,1557.0568097797657,1386.567906094161,47.103235486556976
1417.8420573338697,1601.7980991818165,1390.4064503935188,46.160518728762256
1381.585882772945,1568.5763205183164,1388.1800447810217,46.729796593385224
1408.961001047748,1580.8765759892085,1394.6205603366686,47.7390731291921
1410.5175911346635,1599.1160549022495,1398.1709843257606,46.543902112901364
1395.5365474496002,1570.3148329613834,1388.3455847377895,45.31725679938113
1420.6356021996744,1579.0814234251968,1414.706619906523,46.92014949865485
1397.749166194512,1579.6686318035495,1386.7471862804755,45.652264269840735
1401.8836468020731,1593.6664902303219,1413.4610342386247,46.59382025453141
1397.403922635742,1591.8148867102066,1411.8516303143933,49.01416544663451
1400.233685713722,1575.5977253749033,1408.9830254968904,46.594242043855736
1383.555873696572,1581.2729812299303,1393.0623339250326,49.65643633002162
1378.3992367610856,1572.5644197695303,1403.424508791769,49.14745398040696
1423.9175759483746,1550.447751861611,1387.2262886644937,46.13104203713144
1387.2955797752252,1585.1520171479626,1409.1090703503376,45.333314350376334
1385.1291147581553,1617.8438352166613,1399.2601521846373,46.92116875711971
1367.6991482959443,1562.3256171861788,1395.9067978541332,48.72999164509533
1390.4155737846575,1564.539405807946,1387.7625515334373,46.264713640656964
1380.1536530988876,1562.5854445671253,1375.2249388137097,48.36213544739321
1424.6302274020454,1594.4918355744624,1389.6145914296424,48.81265998370413
1415.1472563401396,1588.9697090839288,1411.1279819561291,45.83896152445609
1389.677744822334,1576.8292461516708,1395.971665715252,45.98592336756712
1433.7865370801646,1561.6396187672208,1398.3067114288494,48.068993048190514
1414.726482304874,1581.8475358327985,1406.5555435828846,47.22777132446235
1395.1275292473706,1548.707557453284,1418.0566887811626,45.970907710184484
1362.5089142768963,1582.8685313371498,1413.2500465494563,46.47172932782062
1434.3641385888611,1597.4304877217587,1390.276649961838,46.89422067090887
1379.156412998546,1554.9760172673264,1380.574294285626,44.65271836256681
1375.3190187956466,1549.3496344634068,1423.5961425910011,48.14846465972404
1415.3385564801447,1611.5887578338973,1422.6899161165945,46.28196171659121
1436.596286095089,1567.7648072099082,1401.8845359642928,42.82442566430285
1420.7640922776577,1602.7189569188765,1387.2951175441817,46.96419354753582
1408.4586368007854,1576.9200466960433,1409.6322653389393,45.88764311165974
1408.9213151249794,1576.7609036611734,1398.920163139874,49.533233288454014
1412.8012333817046,1588.7682539899329,1398.870188768934,46.12183246862005
1411.3839288468014,1562.3200228650712,1408.9445884310512,45.35353495463208
1404.2178713595406,1582.6499428699128,1403.343747468733,47.761899004943025
1401.5630165592781,1572.3702117035182,1388.1418508898505,46.00932894798863
1399.061103081507,1553.5901311318994,1396.7525806491803,45.830815698121654
1388.6905311669998,1586.749641494528,1406.6115292866134,47.76425207423661
1395.7898738469985,1574.7338438624417,1405.1025222240503,45.43929903816565
1374.6056477870693,1576.8595034311058,1402.6201657435847,44.81408951270082
1398.5249055980787,1555.796781131717,1409.3342295447587,49.58899700314151
1385.1711333927362,1611.828007355256,1396.3828301218273,47.86924810640097
1383.4461602417634,1597.5342837277224,1401.7866977521908,46.60368607250845
1402.6984122673023,1599.2831176834395,1366.244208998224,46.994784185447095
1420.880034295169,1573.8911059511663,1395.503498061572,47.758796537174234
1413.7747490900347,1545.4163422099316,1407.6390290857564,48.46000617442013
1376.4424909456523,1619.0583476497902,1396.0960553288285,45.866037063027484
1385.155577951445,1578.7780498398827,1395.3377260828288,47.54921978894853
1414.1115678198232,1565.0240040795989,1389.5854704822518,46.23994373568464
1385.2626890969254,1588.3360314896622,1410.0336589272915,46.716528133231066
1396.6305027500446,1603.342415760066,1405.4846327354057,47.241039301197354
1408.2507814853682,1579.5389888782906,1408.2541459782308,46.98998214042099
1385.4748331770454,1605.5715033587876,1382.7378603804211,48.103350347453855
1401.5806325921894,1601.6599987703373,1398.3954995673437,47.730629838673394
1379.989617576227,1558.4723762519588,1397.1988899225,44.73774618594173
1390.9794853407318,1566.5241978868105,1397.1942829340144,44.96326518940184
1404.796729012138,1599.1507432655953,1393.8397245628205,46.44542497286106
1376.105093997025,1525.7477487237913,1396.5389572821998,49.742937893662734
1406.607121069406,1577.0108861367003,1408.4964478270665,45.7226122512476
1399.7054330160997,1551.3833759675065,1380.8714864665217,46.687665935580874
1408.2873493162572,1570.4689239713296,1417.7729476803045,46.19548095956522
1403.3587120109698,1574.0235982194158,1404.8384112502647,46.16893342386788
1420.4621064496077,1572.8351124418498,1399.576681043398,47.267359615857586
1401.8783675397185,1568.9547749577478,1409.0683414637292,49.101165914293475
1393.5589168831211,1558.0571270074238,1385.4816525483157,47.683952599820884
1401.8344625454843,1625.8382253363736,1393.3529909484898,45.794703557859364
1408.1494704355457,1617.349240083227,1398.7892456760944,51.12984426620481
1400.7329010548856,1556.7586835948744,1413.6556037043217,47.11785983144169
1400.6088753680583,1611.6423350260714,1399.5350341887345,46.13416856542683
1389.4701246828986,1572.0106901905428,1404.5005467118515,49.11814456201638
1390.0564862367357,1582.5837494666341,1394.1042100406387,46.29639407308427
1378.9609209230046,1578.7345208020618,1404.8684206896748,49.494370482481166
1426.243651147804,1566.8050271749207,1416.7723959297446,45.69403581355
1381.3420514691306,1599.677046872123,1409.955266916741,49.14504558338206
1389.6064220330613,1582.5177306115331,1399.1854401222213,47.30157149642254
1389.223891016462,1570.468971535615,1406.7549084726547,48.93657834905365
1413.4238656541665,1553.9082111239904,1405.7751695460722,49.85264856305231
1395.5757548256197,1562.1280997256176,1405.0658767169728,45.30108906421812
1418.716131090106,1547.172397687958,1411.1195336086041,48.913657731137484
1389.897640636342,1580.2444709683034,1411.0447770383746,44.88664414336189
1404.184912433357,1556.066688154312,1398.728414031251,45.429223467127656
1387.4697942011037,1574.6887897496292,1406.4187906147777,45.79488581031134
1432.1772369166008,1607.4020370722073,1396.169050788402,47.75545495426679
1382.1860237145572,1603.9859914584317,1390.7692760368443,47.04952381540229
1404.6473106534054,1579.3544621179476,1397.3050624429602,46.74929587375575
1409.5066532139815,1578.258305477137,1399.2372184826042,47.219352918533545
1406.2069864617724,1617.59749098842,1383.38419010822,47.88693438394021
1397.2206851168344,1590.4151224071743,1408.6033255941672,48.00237218591203
1398.0526895039986,1573.4438708024695,1372.326745773976,48.6412502534227
1400.6571720796867,1551.479637657591,1427.1481693948633,49.73005221915116
1397.7949699755727,1587.8774643632948,1415.0187913379632,46.96795644133778
1414.4581867519237,1596.5864754516572,1397.3899127582768,46.21836655680362
1433.1578450238703,1567.3669695097271,1400.0942636056377,47.92030419377778
1391.6376232248824,1585.8240551027607,1403.0297187358728,45.28361777560307
1379.452955306314,1572.7285341016993,1394.1083961201107,45.981943801832585
1398.6757692747312,1576.31935201602,1401.9261914758695,48.499071419589185
1438.6956400648148,1530.2435588487533,1398.5600002229835,46.81380743777344
1387.9448814804541,1575.5643719256773,1399.0572728276904,45.187711312462945
1424.586752081661,1599.387386048161,1401.8146106348063,44.76529540195224
1425.1655122111465,1567.3719488886688,1386.86472201646,47.07307501909071
1391.69617637438,1581.0505273643064,1400.3956972413364,48.712844805452015
1408.534746187779,1564.8809858661616,1401.6344774661748,48.69281866629678
1424.425949346928,1587.2088335258554,1401.2884962135593,47.16632075433925
1394.3130838851878,1575.6695360492765,1397.8416924456385,50.01336412864419
1396.9462945984646,1561.2151691863598,1411.3785777596938,46.8427694510893
1391.2747862907704,1606.6510293533026,1396.4634744511845,46.79214856490388
1384.778649039607,1598.5786402706442,1402.273259068232,43.1488461353915
1390.2608368240099,1567.9018647214366,1412.9729753392555,46.328955576258174
1381.640895998566,1589.9557661883555,1399.206238599797,48.27802255236274
1400.5112520238883,1590.7482400564077,1402.1446326746754,49.34594200528956
1388.4504015341204,1592.8460247002236,1399.036153636851,45.754648049499075
1403.506788676861,1546.1148820800984,1412.373697935636,47.69337849393957
1376.6615653069457,1600.1321308206525,1397.422754384137,48.570318548484934
1404.9632034832168,1568.6060207414853,1412.833545772882,47.01681222979385
1412.5029344241339,1572.8434413311747,1398.9641210535294,43.57507931370915
1370.0939653614282,1632.757635045204,1391.4054027655197,47.37093499936138
1405.6108485477137,1586.0374676144202,1406.7937317057413,48.14214593609134
1418.4150348870994,1572.2735504910565,1396.9533216624434,45.57886565747231
1381.855384719632,1535.8941125448819,1406.2050089909917,46.61876820368842
1425.0885858025656,1607.7952826789272,1372.7059561507626,45.26675593680685
1406.2852851404907,1553.0958065838279,1400.0520526189496,43.14477867712947
1389.424822163624,1559.93122193001,1395.4039470124253,48.54050661768149
1399.1634638351345,1573.372954018243,1389.3674131346872,46.994377199297226
1408.3749036878257,1608.328235834006,1394.467589981602,49.39651249505747
1401.1400808711862,1595.4647997333152,1394.2629685570735,48.28598328785927
1408.0813398866956,1576.8432498031948,1399.520142051494,46.468685357501826
1386.1898961038096,1586.1658412727763,1386.3267353871504,46.87522900984339
1402.5404123605413,1567.992286142578,1403.1627378025971,47.84926608615526
1378.7942825464254,1582.793073791307,1413.6621478520578,48.45032512513362
1398.3316090797696,1581.4667348955627,1402.8092849694783,47.484005946113015
1386.4413853780281,1599.375397913627,1408.08988609229,48.65838971793423
1388.9670508611534,1599.343562448779,1410.9456245461379,46.55499689498829
1418.5413976281566,1589.8795476441128,1412.3648951218418,45.504284679821474
1416.369651808914,1572.753048849078,1418.701386928213,46.9027861196583
1409.1370718136077,1594.8364458878025,1395.0079800172407,47.30777733610427
1383.6153085299113,1578.160630675939,1392.815160148389,45.19769690789107
1395.253873254578,1558.3617126257373,1407.8346564832473,44.99491687378007
1418.1964654996877,1571.9342441617812,1407.082662196574,47.67107944471014
1402.1257537045985,1581.6905396756865,1407.7567529961568,46.390464722944365
1434.7899430997254,1598.204315673295,1418.8928245425025,46.751238641506994
1405.8997675909156,1576.329436556857,1400.113699087985,46.46046100144876
1402.8807367473505,1555.816025775208,1404.2615655964619,49.28090135264482
1395.3632530369625,1581.1348336659364,1390.1961174851654,48.8926417405925
1402.0031135717343,1582.269120801131,1421.3532112397595,45.14396946494125
1397.7129524542918,1583.716752578055,1396.634550787909,46.20081018037933
1410.6216301503289,1598.3974303190887,1396.9178407183917,48.27500640195439
1414.3505347519188,1600.378464801798,1396.5325010899176,47.90290435565486
1388.2101580923807,1568.1157825523667,1393.5510414135567,46.93781305650532
1380.0315056966333,1567.6771308390212,1392.7056295115235,45.29359969255365
1372.4569194034505,1559.1960257808905,1394.7629571711047,45.97618993076968
1407.6198699036881,1593.9763134056095,1386.3420407194906,46.22484864868056
1383.449500907392,1608.9764021667543,1392.1468207973676,47.41549149667865
1367.7066411057128,1573.6983614418216,1419.4896311144762,49.55559073204586
1405.8286790679645,1575.1713887055002,1407.3565514364136,45.969679647817806
1437.394992761492,1609.3356511379795,1409.2590417672773,45.46094712866714
1399.9089363269015,1590.1111570643002,1411.772087874169,46.837120284758086
1412.5773616167746,1588.724714096021,1418.341345643624,48.54760847077109
1401.2274403782135,1556.1816698805255,1382.2857744855617,44.82967554985895
1398.5166552021328,1593.5745613855884,1387.7011688471346,49.18045122631242
1413.7861472448164,1561.4172731898047,1391.9627633910532,46.741952956826495
1395.6458818371702,1557.3195962813008,1395.302702035104,45.89851999652994
1404.0108847110785,1573.0645684646659,1396.9943060941475,44.59971606985676
1404.8254670929402,1568.2841455310263,1395.5302244719396,48.05978116013094
1389.9786431953544,1575.5680061122991,1402.1930891313204,46.743243207137695
1414.880635243048,1551.1803673095017,1400.352953907452,47.25605822413176
1397.3756036495688,1599.1763261293534,1392.7716520482174,45.64878238848296
1388.6638226076072,1602.5537258903287,1378.2445122301242,46.521355948623466
1408.047647653556,1541.0531505171837,1390.071312946213,46.270128130467896
1386.5229802731344,1599.569156113331,1394.5076134668743,46.849110341932686
1400.422717360537,1563.7894274035675,1397.5292056319229,45.99567151043628
1399.863215050337,1597.1395107396556,1388.7033254068947,44.698728558969165
1416.2884334874736,1578.6310701466716,1395.0919353350357,51.09274961794491
1407.1204734931994,1580.57551128162,1388.690126115144,44.95489362899373
1399.624595618823,1576.2980470115756,1398.7418064845167,47.272188510413805
1412.2664944880044,1604.2425840846697,1389.2690867163737,44.341958257363935
1420.8531132352598,1555.2082397494994,1391.5109534362953,44.004428845073036
1408.367154595278,1592.1568067747003,1386.9131586901085,47.146739737778404
1400.1552892976506,1602.026603297791,1398.4649930443022,47.26155138165245
1380.3224565147475,1594.3268016108082,1391.335522300476,48.89224848620358
1384.0232950538693,1626.4939782864683,1409.0678426667544,47.59932026152356
1395.42162943468,1569.421064745506,1404.058502666929,46.77528392188131
1390.8573169676108,1599.1460964518706,1399.3014813181635,45.57559963390249
1397.1954304552182,1577.8781872931715,1392.025145026562,49.248518102350324
1400.8497488734565,1604.6681215270535,1403.805203053163,48.393276869075336
1407.945391315351,1579.8462200855727,1406.9070088934864,45.130505783377366
1398.9425183291137,1572.2424843627507,1401.4268841220162,47.056945592315955
1407.297524657393,1606.1214440774327,1416.0370185546692,47.216078347289745
1400.9671162221518,1570.1687612196215,1404.596373180748,46.4815195150915
1370.3680015046918,1551.7454848219888,1409.1360721756803,48.15777572871019
1385.9099690927187,1569.6630623365234,1401.3356541553599,48.24759970752226
1397.8386866641758,1592.3806589317705,1406.7566445325697,46.71427145329234
1381.8545788573833,1607.840775031742,1392.0321876733083,46.57869613130351
1408.998930949943,1582.2225875059303,1395.416016367872,49.2484376940013
1422.9612624851554,1606.3639413446806,1403.4936355348239,48.399258338543355
1418.2814277754599,1552.836501570448,1403.4209948155737,47.108540584862574
1396.798356936047,1571.134730703642,1405.0761182294325,44.55618644137992
1422.3608920527493,1574.228497656918,1411.0039289227873,47.516000159457555
1402.2300118580317,1577.7088114505495,1385.7502882818458,48.0471251973765
1394.9437104332294,1581.681887765004,1390.255474523897,42.86821755740244
1390.798960046886,1593.8182191478438,1402.2957264107424,47.37780417247704
1395.462954702678,1571.10386323659,1392.7563636819655,46.3749620198064
1394.1773477218815,1582.7805737390624,1433.7776824128937,46.66871857980567
1402.5562433356324,1579.097542193519,1405.1571961917014,45.63892857085502
1402.408609715748,1561.482201922177,1399.2166915106984,46.77771606439454
1400.0456903023012,1577.7266662183713,1394.8453072691614,49.087987364271996
1406.5540725461954,1577.1268094020577,1395.1983771680696,46.330402251776725
1417.8596941217952,1576.6983886999392,1400.3014066131518,48.44836033818977
1414.2433120316198,1580.635189131629,1401.1198193262126,45.790503171680584
1377.7265304732514,1581.5134708122678,1395.4330085530648,48.138134288984055
1361.6911829764706,1571.3540964178535,1397.268477534801,47.00248378343293
1414.014798668589,1605.4542946794254,1413.4428457523459,47.528037243183924
1379.4968195237686,1556.6103874159396,1413.8450496265104,47.01072988414623
1396.6285189716098,1565.580597830602,1402.5203397993487,47.962437848661814
1382.4483046091095,1635.5992724844712,1386.5874027276327,43.14862232309936
1372.9702934362997,1559.2401729002154,1405.3850315663904,44.870262029813645
1408.1219409230719,1552.9249065058048,1415.5428244161103,47.62562074701297
1411.3873274045397,1594.6895349000245,1413.6978110196237,43.93469246915565
1391.3523439890992,1538.4576029245225,1407.3442585280966,46.20412946652919
1361.1343656178265,1575.2945218005511,1414.224229552858,46.91848873844503
1391.8063332762129,1622.9164985015298,1400.5338427247902,45.757789793580656
1405.8770600810383,1549.101281556932,1406.281029698337,45.96265789595934
1377.816326468388,1540.3607102852257,1393.1922443367482,47.40737330023039
1402.7503987966873,1550.016375960846,1402.922654561557,48.51394243366971
1399.7703522624051,1597.9671913669397,1413.2953424397053,45.56232592811779
1408.6893724940164,1602.4955343997162,1394.1057658851312,46.137412705718944
1401.7937055262123,1569.7482240604297,1391.385565705357,45.903108540009434
1385.4039658867766,1593.6642480800215,1400.974889390237,43.367930372184084
1417.9485725249674,1607.8051065502398,1397.73337796276,47.212567685476266
1397.6220564045955,1615.7469282885966,1406.4914772107043,48.40207661874274
1399.590431907351,1575.073294376403,1395.4674047405297,48.52496481097382
1386.0009806139021,1533.9705656466003,1417.184396156027,45.693850435338895
1393.3507662321274,1563.5824215518062,1387.1032390203895,45.12245292721978
1386.7279592895966,1571.463916101295,1412.5373478621973,47.03240832138753
1397.4058091011486,1574.8212240684322,1392.351507716919,48.2439105298497
1425.675627202135,1576.2428119798255,1382.0401726541597,47.232275672465576
1379.4214828560296,1602.3778919586134,1402.3787515634888,47.43395695381064
1375.796579031849,1605.4885685337517,1397.453920139861,48.71274639160435
1422.0675549124041,1576.5665269215044,1388.9039063209698,45.89129516115395
1396.860144842722,1601.9696975210363,1383.1862310828474,46.670044869990456
1389.9639089201012,1587.1532273326218,1399.9163921272855,49.451908267641805
1415.598570310941,1581.2901194572514,1409.7583689162382,46.70478331535356
1390.915766903947,1598.1308831421993,1405.8495349308644,45.09899455105014
1427.390145703204,1581.4450409647584,1400.5670664883926,45.99596585562456
1410.168888070089,1621.1562235419553,1404.7884757321774,45.59273022316814
1392.6813288778144,1551.2317766641088,1399.7278586762213,47.535743878551905
1432.3596231989825,1569.6965820181597,1385.7027575696964,45.65607949461683
1390.91427615495,1577.469622060921,1385.7910601477656,47.40655137929187
1411.1314305801395,1588.78905380916,1397.9683147101532,45.895902172189025
1404.4893887060973,1605.3592097420617,1398.3934671363393,43.81493219240266
1419.526119340982,1579.512028655277,1408.5098267850676,47.45992968047288
1423.422667950903,1551.5554070098758,1407.5730422377474,47.222695522320336
1400.4800622359865,1596.8502779291,1406.0513301575895,47.776636723563264
1388.6987319448072,1595.0991753228393,1397.197172869228,45.99051917125212
1406.8995821440867,1541.1628268124118,1386.1934782988985,45.830683286960934
1389.8342694537184,1579.923917326584,1404.1207113706603,47.60220028772232
1430.2008087128993,1548.197163386394,1405.2516931326218,49.27852935879647
1402.048029966241,1566.7069780499587,1376.1146853752232,47.01675201425949
1394.5201767303183,1561.943821460744,1391.6566181341734,47.636877644070715
1402.7702045879737,1596.1852939648397,1393.089456226061,46.51761847336144
1379.7931056570546,1582.3366034834437,1401.1835020112344,44.68455421718947
1385.4257894223401,1554.2881799848794,1391.966395672343,48.45114412873109
1418.0062086191663,1597.6013192591467,1399.6186543117535,48.36262135862924
1390.146585815429,1551.3238835214318,1397.89465059647,48.06616103776279
1384.296335259771,1586.6022758094189,1398.4085052846228,46.72708184248637
1408.0497912879093,1563.719786614169,1392.8360570629925,47.895584149607814
1417.785562319945,1572.6864583493896,1393.6101494593331,48.340642696081744
1410.784299659976,1590.0854149607676,1389.197329402193,49.43023802743506
1414.9407152870872,1590.4289879811906,1403.8006744057384,48.482789156971165
1388.6480736714582,1606.7393814711193,1405.7110262859137,47.09573183755046
1378.6728399988724,1578.3549260065708,1392.2938204987465,45.037620116863444
1422.5200047793323,1586.129017259267,1415.2064009601704,47.23348744650761
1395.159802417368,1571.2452535519135,1396.8539855255794,47.38486609377396
1396.2375047531743,1583.6397976524559,1415.3018562379657,48.063544662977456
1419.9229121277358,1588.7897209601701,1393.5787282616839,49.03083778898514
1408.34345014101,1578.0338030509124,1379.7342222340058,46.85727423191483
1406.838316581224,1543.92499031815,1404.0219782491235,50.151480784719666
1432.4750351735163,1586.6294179266179,1402.4854510511898,44.36106946993913
1390.3472265442979,1587.2912295471092,1400.3439379530757,47.62901280869244
1413.9176019212186,1566.396530473041,1393.57767521556,45.80221941172396
1400.8551968734562,1554.3122592785496,1399.6542777451418,44.1391670004668
1404.0288841829488,1609.5175830100793,1394.8874054213047,46.69733843555126
1422.927026396188,1589.828910217888,1396.9765043366824,44.814240952368564
1407.6175363443444,1575.4183793815657,1408.4163225576508,46.757858152950774
1408.0744411857445,1557.2593423370502,1401.842172295301,47.05215387214169
1416.087610059647,1563.563703431573,1406.0995138733197,48.67781211400393
1394.5257090568566,1606.0518079357246,1397.6813149337422,44.73862229785409
1387.411854989915,1582.7532388173609,1396.5798265419523,48.36266774846866
1384.3278620896845,1568.9882586599858,1388.4651746911136,47.14712067541969
1370.50465115936,1590.1937846244932,1396.299633874318,48.54327373041439
1430.8431069491048,1563.7120362510734,1366.7888544441087,46.35237323745331
1383.4518745141747,1610.0168606056075,1394.0977803369437,45.00163311985483
1396.6811956462134,1607.0560106979344,1399.1812582280916,45.1737510106762
1395.8478005016661,1570.6685185759445,1405.6367365427016,45.06228881949933
1404.6111004671366,1567.4265950593829,1397.3132212247504,47.71672122938098
1412.2360581880894,1527.6373360261543,1403.47673542245,49.21538303332205
1412.9071023253962,1550.3683845689727,1378.2021133860976,46.15257271001717
1391.2538384214658,1553.210604500845,1399.4316314779305,47.943702947386676
1397.4931742932038,1582.7038068197478,1383.204972070866,44.71483691279657
1404.2386992573245,1573.4753259111728,1387.9169648434067,47.270481873765945
1396.2696331072468,1553.0932902516952,1398.1283445213614,48.00284392450569
1424.1101836403,1574.3767191507088,1412.7626398787356,44.8278128370847
1407.3646242745738,1590.106742952947,1403.7120676347006,46.69417479653022
1411.0231667907472,1590.5567869983117,1400.182309971371,48.073875710728345
1409.9432190300113,1542.0065943828224,1399.804696105329,42.59934402915579
1417.6021078622798,1577.4347303903235,1392.8637110679554,49.00317959255261
1402.7153233805557,1552.3331844605677,1394.560165866273,47.53051906383657
1380.5475207806624,1598.0345739428055,1404.273760454708,48.075091471576016
1405.9953192762896,1595.68292832707,1386.1463948155551,46.38092108120785
1390.2296465931227,1562.0394554735108,1405.9305405028301,44.41591627765197
1392.0707497737537,1564.679095951992,1396.1149293288115,47.80109443447543
1408.7954602813263,1570.774658990034,1408.2555707486956,46.87611451187523
1418.5742460715046,1534.9441321053732,1409.6109345723207,47.04817318314848
1400.319073651041,1586.7193634688115,1383.2691598749425,48.63141047779843
1404.6324951889844,1574.5431090731975,1394.1841923677277,48.143095810793895
1425.5332241695285,1599.4035016513571,1391.4447231205938,49.88185612563442
1403.6112976923284,1558.0318156407488,1381.8727203492685,47.23078134331025
1439.025246712706,1567.6175410350013,1389.6746672379059,45.96318134331332
1408.4826446844731,1549.8694948392176,1424.4125584526535,46.71737472963691
1373.5885586126628,1559.914188730115,1406.0950989621244,47.62349505880791
1411.300124316568,1556.3603600786357,1419.1728796860575,48.523784778489464
1405.7173757732417,1599.919473576929,1408.2909844001833,44.799449072841924
1419.3462913112412,1566.034763024972,1392.5815683899152,47.012806422768755
1410.0977202690494,1582.4835136948923,1396.1822880332595,49.41431248555755
1397.9231602402433,1572.3847319227639,1405.884361802403,46.639686693496216
1381.6355264556596,1554.6106946797438,1404.3750620347303,48.396517782303654
1396.8646511407096,1576.6339915365672,1394.2265798429166,47.73967629082401
1387.2421931868605,1591.9820666372718,1384.900068294208,48.43379090978747
1391.292148252929,1555.8448121491328,1432.8776118738874,45.7853591876001
1408.828676066309,1596.1822558146275,1398.588503276572,45.791897494901626
1425.048567565271,1563.005581570446,1396.7426110681738,47.03040783818343
1405.9200729473448,1570.3403214785433,1401.1333446390531,44.70166731913953
1382.0617540694723,1590.6136624602009,1397.5727141068896,46.59538909008251
1406.6690400233022,1566.7312768556103,1401.2272890770548,47.3793149862735
1417.9494722996847,1580.7514971867174,1412.8694728611642,49.67695341042466
1390.8532564352092,1573.7061834242381,1398.7545152031357,47.60407728390473
1397.9897424999062,1582.5873601340763,1388.3728956067223,47.93784270630965
1400.2203229209379,1532.38521788953,1398.3835620552138,48.746713770575006
1388.2265253037665,1543.4063636958383,1395.355982185901,45.55301361665742
1409.724206507658,1592.3193401209367,1414.2389893724685,46.75237600644352
1398.1857777708833,1600.743628112981,1411.7111906473758,50.638118887705836
1406.2929866586055,1561.7902659293695,1401.075250004308,46.88131666642324
1386.6876173329686,1575.1194329565774,1387.2126414518075,48.67464612317331
1393.4381254951488,1585.894385058046,1387.7410773656006,48.44560681575966
1410.8357203674166,1593.864352033174,1400.1512326158456,44.78282942841847
1394.4075027186234,1539.446454566583,1403.3632296932128,47.4657189155089
1425.904457768501,1562.2791950604324,1396.2537718067395,47.22012120830784
1394.005457215781,1573.3484124030026,1395.1983041579276,47.49493818176065
1403.3702708862784,1594.062803944721,1394.0720076682135,45.86883128031341
1413.9888624780963,1629.96860967443,1399.7660603975605,45.32462073213176
1378.7245140060045,1575.4398854638057,1376.1723764792694,46.285984999968726
1373.5878678202885,1551.8604507579203,1388.9867337123028,46.853307504373696
1377.1151552814486,1588.045361544026,1393.7294915455266,48.77747667140047
1418.9387615514077,1606.4199157908142,1412.0750319495191,49.72596622958841
1391.7221278116133,1582.16028241959,1391.8618635807106,49.09489676933477
1438.3729892850238,1561.8670290969142,1401.8046814183122,48.29027781617277
1391.5362860201392,1599.1598788296003,1402.26542750931,45.49348960655062
1402.7682695479555,1593.2709123699688,1412.9791650566076,46.38665573751576
1423.131649288518,1559.4783831160876,1412.6257740696415,47.314889078619494
1430.091393322387,1587.6285123506868,1399.4249703120508,46.051341442885736
1430.922553649546,1599.9453113531774,1395.2451525881056,47.86580847879193
1418.1254934588972,1603.6378008511779,1393.361668971743,48.08072916238143
1415.360937887172,1578.6710204938108,1397.5893677753422,47.804435093848205
1408.8879042380177,1572.8384110764136,1395.659666456764,48.537701906836375
1411.6754161424997,1604.5454764416252,1405.5362740935823,45.64311317943039
1391.732214255072,1555.7967899403823,1404.2030981748521,48.399243056138296
1387.7270167486654,1588.7715858184201,1405.91801191145,45.956531824819706
1399.9493831388356,1552.5994674527115,1412.5928371143616,45.588596071035674
1397.447230662126,1601.3075254451921,1418.6286912140017,47.79817420127957
1393.201579260091,1574.8390896877768,1401.2466339340756,48.82381034329847
1410.4458117118506,1605.3716647129495,1410.9946377139565,47.732020229564014
1414.3295781285576,1589.8282551271107,1396.4833981616578,47.03120603565882
1401.3261032943776,1555.5355953987614,1411.8500698358303,47.46523073915226
1422.162951215829,1608.4925546415448,1410.6150915717585,47.20464037710092
1382.8746632879975,1611.0249053285545,1410.0841596994298,45.31107365579691
1397.0951081108042,1597.6457298519842,1400.9406984119153,45.136069782582624
1389.2476651909578,1564.7682426992756,1393.3164183600911,46.881761180789816
1372.001950743904,1573.8797209128518,1386.0547156213452,47.11978525365396
1398.7597897123594,1582.9085443481151,1399.599627924789,47.0169985675516
1398.1737873742507,1565.9257920133714,1415.3301254224918,48.01415242047487
1422.7017461486319,1613.846931449264,1396.9015509863593,46.67678492575349
1409.4621752683217,1582.8865294345208,1407.8512658546006,47.84446877285728
1384.637197635062,1525.933039057853,1408.4395140051893,46.783119849010326
1427.8113884950128,1586.7871162551244,1397.1631377907283,49.7350384430547
1418.3155054328804,1573.0368520636537,1413.1634483751952,47.12107059008967
1408.7314655520292,1578.501468877631,1370.913392555195,50.511083917288516
1396.6027385172524,1572.627612684286,1387.7724972126182,47.52801738663629
1385.6084114491478,1596.1409283321339,1390.8436770364153,46.679484244117674
1394.4168983589343,1602.3937555710677,1391.802849771326,45.65082803561049
1416.3312292955627,1585.6610632451732,1403.362629511859,44.83566713891346
1428.268794589019,1573.2137762572368,1402.900378030539,45.512836573405764
1423.1486529240829,1579.1732559038167,1403.9399057217502,45.680590536254016
1392.6672586732059,1580.3919923315525,1405.9608149413248,47.59223003061827
1383.205738500665,1563.9513992027032,1390.4989543085435,46.21075194340972
1402.113293703668,1591.5785729714246,1387.8182393319269,47.28039057883175
1373.4734095165572,1589.2008464772093,1403.9631968200786,48.92296754356503
1404.8475157127716,1610.8088247955334,1393.6976792635355,46.86828747254772
1397.78596120552,1605.1069956057695,1384.2952495463203,50.118735047700206
1393.0094524719764,1566.2865016481974,1409.7134428454149,45.2362835294912
1376.079453990998,1596.4059674901794,1413.951019065023,46.774124677437605
1407.7040015985458,1560.9809323381105,1415.5716088969866,46.19103061458353
1392.0094874050712,1593.918642018817,1401.8700772147472,48.40475990908551
1382.4512474643457,1569.6677160247978,1406.259320959729,43.640312554450816
1356.9160668007753,1559.5349355324884,1413.6986822336191,44.83532706623328
1399.5872764242404,1585.6009068539481,1393.5858420997656,46.838979766323554
1426.5837739500462,1526.5086574369172,1411.106776840541,49.32706658151424
1424.918888218218,1544.9804885118954,1402.753962341432,47.33876275105596
1393.143556151206,1576.4501623245144,1409.137116523426,44.97267881860365
1390.9668190945733,1581.6488353326968,1401.8609302087593,45.20425011096466
1407.0316138411254,1572.6136245968362,1412.9625670974801,49.50948455426743
1385.0242184121757,1548.411274025648,1402.2352376254153,46.06829780180564
1404.526878497292,1563.6421631572298,1385.1602094053258,45.585554941325356
1411.4912041757705,1587.8241865447478,1414.5192663231471,49.21605884094629
1418.4039983582645,1591.6356354125674,1390.5246925902788,48.516645508380485
1398.4976888528008,1579.6755376480812,1412.5305821024392,48.91108946490019
1396.9448937473455,1603.1366756207399,1399.0975711855967,45.57493717960128
1386.8302611986517,1587.9479404691847,1411.7601098519772,44.71234153847846
1387.596794689402,1565.0508869208359,1411.3476861486677,47.19974973404406
1396.6028166214771,1574.3899589317678,1404.3014297431537,47.502689199610494
1405.5104826022427,1551.9426768558428,1405.0853531762714,47.54690270555725
1413.7037693934988,1577.8372201921716,1404.2262861719257,49.2172759034585
1387.9523157397948,1602.2420123844267,1379.8617524371891,44.39934936498763
1422.390328534393,1593.7058016942194,1401.183302188982,48.28954257694665
1395.9331459843615,1608.0401865183824,1388.839358239281,45.355062433779025
1399.6794905847735,1573.9422951240201,1401.7118714374567,48.28360298129126
1388.7918248127826,1606.9219958902852,1388.570574536168,46.28756494321794
1363.6363960959059,1576.1339154710406,1388.1504805877391,45.779042306164236
1413.2606809454157,1609.4317016513978,1416.049345017539,46.08514593957619
1411.0526584563866,1579.5628650511576,1410.694473881242,44.83158469883516
1395.7800866432267,1594.1446274760856,1399.9585741505584,47.0606434097502
1401.004860758373,1609.5022472861972,1401.8476865024902,45.84098991400931
1407.7390882655616,1576.1314474283758,1397.52083974257,48.179447346350415
1376.5618121467019,1584.3677797508835,1405.6987637597952,47.96008412154938
1392.0642098398055,1605.7772685041261,1393.239456334512,49.532235579354186
1411.9139701943275,1577.3399367213988,1409.9374026286796,47.54949122531161
1381.1856586524614,1553.5821543498769,1397.469131589859,47.78101665062011
1404.4033689824994,1622.860141091698,1395.8015300416878,49.10014971774172
1379.651272930649,1570.6047107132572,1400.2171301848484,46.05850595595996
1406.9964497365029,1583.1751210187508,1394.088531700744,44.76761268076545
1399.4653777655378,1603.1201333890226,1403.286823494965,47.30014108869259
1375.7730227614175,1567.830121925376,1394.626374106866,44.866049796178395
1417.4710903168575,1559.8426417355574,1404.6852360281885,50.680908009388084
1388.9811263480292,1585.0747459354966,1412.1600653891148,49.183247438118414
1387.8462134447843,1544.1384720417523,1392.8067831319183,50.24596449995237
1403.008537958464,1574.2418784626416,1398.6942454270484,47.093670464994695
1417.2295602414308,1584.900773286308,1404.6133071303543,47.8258603905524
1384.762672715324,1574.6009620634968,1395.641426450186,46.31078685207103
1400.9251977477195,1549.130981136285,1404.6432056082667,48.32438720838013
1406.4322475049587,1611.8835591240802,1405.5539886065174,45.17668518192342
1410.396584108947,1582.0707630789834,1410.832617762943,43.18536021578783
1402.6466233291583,1608.623042355235,1393.9400995391509,45.81393407076715
1394.49458241375,1574.7992749963912,1390.5722475976952,44.81678978657403
1387.5861466902693,1562.3997603661846,1396.9242261043626,49.216890104239305
1401.2921582456956,1585.383618405103,1390.322476604529,49.72351618262047
1383.9179148202159,1575.6842574734355,1405.644982040475,44.89560639138033
1356.1797427475808,1556.4447708401729,1388.382486998236,48.93757341128186
1406.548397062365,1609.3956851757498,1423.330164182527,48.42707747525115
1413.5590226162929,1567.55459554212,1412.9592786157375,44.64533497292169
1364.5560134668724,1543.1946723040887,1400.1257576960031,46.41459870360257
1384.854039429351,1606.5633210791466,1408.6739449299798,46.12975441681322
1409.287313915078,1569.9140396837474,1383.631981356892,48.1219930979408
1430.8624320456754,1567.8435221476875,1425.2337333139956,45.15683097364248
1400.311905615131,1544.6922482594005,1394.097853877995,46.85169106151078
1389.079955881563,1614.8188297319398,1398.7950258610065,45.97109824407557
1397.2565533834274,1554.2103882558063,1381.4406671281156,47.71001177507772
1420.6231462872229,1581.168989614113,1404.862873047409,46.674811952468104
1390.310537313132,1598.2524064508088,1388.9365584292289,46.19713144408941
1388.0121199002463,1588.434338660062,1401.0165576156603,46.680055136551886
1392.7588471672696,1578.8069137601562,1394.5572556707546,50.054064249260165
1385.7000708761193,1545.9666828342517,1389.2225606506966,46.37465054582091
1401.840054739922,1563.8055032846544,1391.9563849823737,45.43849217257432
1424.3701768770434,1583.7560067608504,1402.2578803408553,47.87515035373395
1404.8461890967405,1564.25651860026,1387.1850902713118,46.78471299586557
1396.2146974681057,1584.0671891999752,1392.5118832897642,44.87714910370029
1395.6228309662667,1593.634868176303,1406.6327338126448,50.3472445028037
1376.55213786955,1599.250057716002,1426.024798748743,46.471281581620026
1413.2466466572073,1555.4764128437464,1404.7758881955301,46.43319581905797
1398.832442044808,1623.932921099579,1390.8273835782272,47.23975302786214
1397.2928012961406,1595.3495868910827,1396.3288582992768,49.59517515381326
1447.896613517673,1579.9657169266188,1400.3158900615258,44.480382010221504
1404.4812936254853,1601.7907316615328,1396.5057504936428,47.41397877413081
1388.7231342485723,1627.3081554399994,1409.0305816673692,50.13090824269044
1393.604636056917,1551.2255979788627,1402.1747348301421,47.19309302110947
1417.2266856379513,1575.494747150173,1409.0785238490987,45.14699903104478
1401.6990561580665,1532.4313668025334,1396.8555620970237,46.07240472055902
1378.4258303252395,1583.8530306529606,1413.2550021972127,47.31032379463519
1413.788434018628,1587.3078848385028,1398.3351441571845,48.99620587345979
1389.9778387169151,1579.2167576911447,1390.28810130862,46.49099623337591
1428.0994666432632,1566.9093285800338,1421.7732038104223,48.23997769614865
1416.2007209857197,1539.0097096762336,1381.7502225303888,44.84694675942966
1393.2901715651187,1587.4706736682353,1392.6126127469506,44.834422445607416
1419.2152454260267,1609.1086896783065,1393.729721481696,46.27579896697257
1401.017832657911,1568.1796308853313,1425.0830627305656,49.15704308280989
1412.7916051268332,1588.8011985804628,1418.068588841465,47.103311959270656
1407.2709922594172,1548.637113731599,1414.9392814364219,47.43471679334993
1387.3046501751369,1589.1442612738504,1396.6934133762368,47.41711939336029
1390.346752515238,1572.132354045107,1424.2617800384178,48.663811973880094
1415.4494122637175,1564.7516409879418,1403.6835200384098,46.084668961193216
1394.9783700184018,1564.7927271756773,1409.7726337030313,48.032427662732346
1393.9452730513701,1572.1277683593398,1401.7969538110622,45.753676004217304
1385.6731613097597,1587.6486663138508,1399.5053342867675,49.97490898388114
1406.353985983902,1553.7567359760897,1397.4822132607362,45.79941334355497
1430.9378737886473,1572.057693368643,1397.9036000658084,45.67641604538207
1383.987006286186,1579.170564440017,1406.0849164867807,47.82450472023208
1400.3632918500914,1558.0192155093628,1403.671997987754,47.11968264714849
1421.1833083312315,1615.9333040335002,1399.685286297963,47.4902786093914
1398.8053791313143,1562.9300903987732,1415.0952399269886,47.340970693238475
1406.785576943746,1566.6112617273302,1370.3324693125926,45.36441170178884
1384.0640970777968,1560.43384100355,1405.0988724792119,49.42003839361922
1406.4246064581148,1615.9696017427623,1407.1773870665897,48.340313308833665
1397.1928360249317,1591.0581045719896,1411.4696286825517,49.038424926900674
1414.785949935198,1561.2681598751271,1399.3512855894664,46.20750366633436
1417.8107907734714,1602.1246311771993,1402.0792006738395,47.62478531707276
1438.8434546302792,1584.0139738857777,1409.8594838331471,47.29605269335204
1408.6944975982037,1585.14506842223,1414.9116640428017,48.69200393930226
1404.8869447487325,1573.110455824951,1396.9946401482123,48.74037219774443
1402.91576452366,1565.0116802608604,1402.6697578312755,47.289576204437175
1394.7025056078396,1586.755321981092,1416.7857396434877,44.72307330223512
1405.0772576519253,1569.0982554000882,1378.7597292412115,49.66949283063153
1395.5689788479147,1616.3351125915021,1393.0998740018542,47.83398115053521
1402.5269146440442,1554.614177895138,1414.6583597860297,46.08734443791329
1419.7639630341193,1610.7231354570988,1410.925378336083,47.609813207400045
1384.9018615208054,1577.773623024044,1405.2244521092668,44.73335967732122
1417.0981784169358,1585.981714680422,1395.5140312689089,48.58302960120657
1419.756726010098,1596.6631553325888,1391.1818150101458,44.79318238358127
1398.2289720951337,1567.3950140999114,1394.0878438075763,46.66874826194437
1368.1721765148711,1597.2849676939727,1415.480082208187,47.366681674408326
1390.8826701935834,1525.8491228923765,1393.7155731084465,48.55825956797314
1419.4549181984166,1565.6002093355612,1401.0142296423967,47.15981701465156
1399.6569790655167,1561.5187438531786,1392.4629235513826,47.95244431041883
1385.0104665155764,1554.9298797525648,1408.4277403009903,46.95774963732567
1392.4283761815768,1575.700903238421,1394.6127371965356,46.95172107358358
1412.6093003975684,1587.714999363634,1399.0240610984558,47.12821587552244
1408.2010035230207,1594.053199969986,1383.1661786695718,46.71641311872144
1396.4160185124547,1584.8175351440082,1383.8663176379505,44.47014463537785
1394.4976338227798,1566.686130702129,1400.0767319332151,45.84751475945506
1394.1236277643427,1587.3803287565033,1386.7484284480224,47.367162261667545
1386.1638472325224,1582.485713897017,1421.0508663933451,46.62631849476692
1424.2306353420415,1598.7211233587204,1379.3847688788776,46.76628637672714
1395.16519296183,1595.5387340586303,1391.9982470133589,46.514969495841925
1418.2573778123824,1580.6095282784127,1400.1670086726756,45.704602410902275
1422.8197407788368,1562.0549398767748,1396.3486706220422,46.26035080853556
1414.9746634722194,1566.9409968833584,1388.9585454333608,46.53975238341711
1393.5256953092294,1569.0042128072394,1390.4207216050472,47.00771471081278
1406.055951355049,1573.6946733216748,1390.0934592250076,47.59006751670457
1399.6370659041363,1585.361008551795,1397.1327830517994,46.72917456367139
1386.444472089048,1594.3034878025612,1419.5192908951742,45.45551711646137
1404.865389225824,1578.9776261396923,1400.779372965582,44.90287694012183
1382.314403132603,1580.3224957580094,1411.8290048938752,50.89615581106284
1417.8151908269235,1582.8661261,1405.0697634582814,45.30527745460316
1393.030740540524,1569.6818937373532,1411.1386239798221,46.222062498103426
1403.0173948380925,1561.492154847141,1372.000356974064,47.7755004537709
1404.2493180731922,1544.8912420537858,1396.9554197885177,47.54129091434852
1396.116425394439,1566.0970128384627,1413.071354231507,47.78129853884236
1408.800407022129,1589.4629090653557,1394.2826417725066,46.33592439570174
1392.8764451506622,1565.9417712392087,1417.624731648696,47.35783710595932
1413.0694594618587,1575.2438592514811,1414.8389015376777,47.0920154963613
1379.8103047962989,1589.3286257482464,1395.3086928387254,46.53180294868807
1401.895693693196,1590.4137899284533,1394.9683648095365,47.36811461265701
1429.0839349858743,1558.4093429566792,1389.8639415764553,48.58304832012606
1384.9950301309163,1599.941187129073,1393.704057681362,46.96669966484701
1389.8338254421271,1602.5470017871098,1387.674109358311,46.976679269534635
1407.7086177448837,1557.4030028556288,1404.2881118043301,48.60224155231398
1402.693726729094,1563.523262607177,1385.4395350665357,48.44204053972822
1405.2594514891034,1603.821813662924,1406.0373301619022,49.375904661445226
1407.337806952215,1577.062929574894,1406.2807869690025,44.36565464828063
1409.5208220284264,1535.604441050963,1383.3879559481609,48.357678774754085
1416.6454976293433,1552.0063699053462,1415.4981860632834,47.90237006810327
1406.1472798539278,1575.0126074965503,1405.1360929441523,45.6715214033701
1396.381135180722,1556.739146994308,1407.4969802144487,47.377381876998264
1410.088605518041,1571.7315245872712,1392.4133479845723,48.576682621637
1428.4982290234282,1580.6479242736716,1406.2237911847312,45.7562616162719
1398.0104938042614,1609.2450920806946,1411.2639344972206,47.66384364353421
1385.3820604299403,1574.1909216754443,1399.0139160099532,48.30703051359652
1416.6062100393046,1601.4508359914553,1420.0192245924836,45.393470656202766
1398.1942825406961,1608.5752032407354,1400.4406463491293,46.78657146133228
1367.4099568097895,1608.6861933870416,1411.4078580045248,47.45145256496362
1412.7113251572564,1585.6950918677114,1402.9300880725866,45.80580274168557
1391.9700772106912,1540.7342170432205,1405.8552153285686,45.68127020135968
1398.6420007654376,1589.2164973080774,1383.2866773236524,46.79743309720584
1404.9797049585352,1600.9679977562707,1403.7105373821537,48.20245957535554
1402.857495196686,1578.3786578912916,1392.6502489874274,47.965601001788166
1410.6417772570856,1614.891677401505,1391.5360169422231,45.70788090622049
1393.4677044414523,1597.1966712293492,1417.4410318446598,47.97825182767353
1407.6965869726412,1591.3654675430557,1397.8622975193764,45.74609033575024
1396.1067998362412,1601.7276142241167,1389.9669816902451,44.584745303009846
1411.0821572133125,1586.6673970252175,1396.4086837189113,46.44928464342915
1409.2305122601958,1530.143790012093,1386.995497710781,48.6844540573786
1385.9684194693311,1570.0172209705927,1414.3388446819627,47.98394082821206
1416.2897317426255,1603.9433605449572,1393.0431925583348,46.997642288940206
1391.9605483232892,1563.8481731980341,1405.2929993394366,46.37494177461341
1412.1208669742173,1575.5305498952612,1413.5610671421032,46.41535679582535
1405.5093097010201,1559.1032737219386,1394.9984731878526,47.163177358791195
1427.572755151927,1615.6784519040355,1405.3202243227279,45.397343771231256
1396.6480102644223,1613.6298491483603,1389.6991394509557,46.47783898219805
1394.760248058227,1562.3226220971853,1424.457695691137,46.67664580796035
1399.708705911684,1582.9459600077817,1409.3638013461662,44.973388312322754
1395.452303257486,1566.390119044719,1398.073935612392,45.74232762365364
1411.9991285291308,1592.2988927806275,1392.2716626911104,47.61576018722957
1375.7553408734511,1590.1936615448467,1398.8600344716037,47.01426775991149
1384.1947637128046,1596.2341114322653,1396.600162776485,46.53685731320993
1383.9829561763122,1586.6383689541578,1419.529445539995,45.63285884369306
1414.2546138796035,1638.7081241277695,1387.744652777851,49.365274738383825
1425.659200588729,1559.4415246997853,1401.348014232902,45.743031177981024
1398.433261721938,1545.7879329112698,1399.8166193336629,47.37738921089261
1397.4676741521498,1572.1381959859707,1398.8258969965514,46.26819636788931
1401.0507824466977,1548.6402346887946,1398.9138334506165,47.054418938957504
1417.428174539123,1550.1507545998802,1398.8392918987952,47.68641461291056
1386.0897029871414,1559.9737069160406,1408.730660663321,44.944615116188174
1403.5755347410218,1561.5562218913674,1406.0898444649245,46.99007563376977
1414.6279644467365,1560.9076379609987,1404.1891161137278,48.78609297346977
1407.5164125490976,1590.3643790089081,1369.6601063785474,49.642252840238
1402.843724248981,1569.8762187782934,1402.9979487416317,46.8049790401173
1415.015691388507,1576.4097085025503,1383.4436063982992,47.062521810825366
1359.4515156050115,1597.8846554900188,1406.4632016313583,50.3169995429023
1410.1681297929636,1564.6735495043715,1414.744973675705,48.702386422398796
1390.1888647530886,1574.7090820259054,1390.7376088741146,46.07407314611717
1372.5405065471532,1587.3151997218583,1397.382192776573,46.07152482367081
1407.6680389928747,1541.1686439875955,1394.00644294947,48.4348241926809
1420.6048781774443,1532.3018898209884,1412.354317757568,45.4834443049314
1397.9382722805847,1586.9223465759544,1400.9502788527207,48.63159012700828
1414.293118208044,1589.840285611338,1417.2832938056633,47.50144994562651
1424.1841738698297,1621.284402697048,1404.137542029474,47.776581146040606
1419.7237168037607,1583.1618975173362,1402.4245018063582,46.61489929477992
1424.599467940571,1596.394794345162,1400.6820678260283,46.055262793630384
1411.1319123660785,1576.0905471282806,1408.1799209925734,49.19298924630248
1401.1315045835238,1585.9445444317016,1382.6231380175466,46.62989407916979
1375.9705128215426,1613.3451368349906,1400.8534395552051,46.383597385139204
1396.3090626780509,1537.5201436374873,1399.2995355627204,46.87979439818029
1387.351301070257,1588.2723251514335,1407.2541882715777,47.289533199076914
1432.564140762467,1622.7117346015473,1398.1229839412597,45.453762309920826
1397.361712813515,1585.640684384187,1389.6126556583733,46.15269275868963
1401.8480721017672,1613.0114592646569,1400.073506749197,46.07295188914091
1408.272280640607,1567.4157570094112,1389.1715947113166,48.267920456910275
1400.654036695587,1579.3590501167257,1380.747377874125,45.67105614800017
1425.4257656064613,1580.6704940477719,1407.271224814855,44.36634821336292
1390.6602595739832,1535.6481784128246,1405.7906157269467,44.04935815564077
1402.9191118285587,1556.636443442996,1404.6709094399357,44.794429797986425
1388.8629412145292,1558.0624984123203,1413.029284219458,49.042307304272164
1380.1996623316895,1596.4413215606505,1393.3496810969607,47.024309899226076
1390.8234636364207,1597.4430621136812,1385.6888585722875,47.7518736302108
1399.4444480442737,1586.4807288541306,1399.2997022319196,47.804731590681996
1393.560466632241,1596.4820579371142,1396.5249970029408,47.08427587758848
1389.6136853018922,1576.7170117455646,1391.5770428322994,46.887828055023036
1378.9052380449225,1604.038633390791,1399.201508465122,48.56678964472721
1398.7534164105696,1580.1757688526413,1393.8839485379542,47.21899387146896
1377.429194389535,1581.1572809485351,1381.6399471664317,49.09864621889512
1411.400839455344,1574.6881473347519,1395.5882330920624,47.9312449179348
1401.2365962940175,1593.6890095527285,1388.6362483329615,46.07330558977846
1378.136727508026,1571.5760236677418,1402.3164807161093,46.254298964195094
1395.361863844252,1599.5286275439614,1393.4396524175934,45.90880279031858
1388.7176539161412,1557.35701718568,1411.1163147414104,48.82632203292607
1404.7876176562877,1558.0216749054362,1416.0386606726786,46.39242357058167
1420.106756690347,1593.74853510253,1406.7938137301192,45.80229080480055
1371.8724129553138,1578.2291157083398,1384.4897381801668,47.47966706169023
1401.7253911872112,1570.9221716769375,1415.0519599887905,46.85424934044124
1397.5980080665004,1597.8011546495093,1415.7572045037377,47.441852768862745
1410.070101146757,1567.8547717182782,1400.1879051130793,49.834720855840764
1403.1979494235654,1575.9959749139925,1413.2292616033553,48.36960620889329
1388.7204600239177,1607.9845590014231,1394.4832486195332,47.04051583145286
1395.2141909650006,1610.782846916213,1381.337540651504,44.88736492369099
1388.0596121479477,1611.4479642054066,1392.397155613784,46.250056254187044
1416.1401070789789,1574.3574844613217,1417.2930086604476,48.06656915381795
1400.3196747300792,1604.6140580996894,1385.0892007638852,45.243438440507276
1428.5178602862952,1561.0209434446265,1399.995212819315,50.21145544449553
1399.0900877927807,1561.8619425055588,1400.341438933402,47.021624843953326
1389.3738984963431,1532.9908829475128,1394.870257560322,47.07327258981423
1377.2942841108077,1613.4573640379706,1395.5647840016288,46.000032210563035
1372.9529048561608,1562.7204030184785,1400.722491342362,47.74510663516358
1376.2379608549177,1577.4693484050588,1394.3783765806527,45.26299729021665
1404.0068997651722,1561.7935131614342,1385.7794150283207,50.24733888365218
1407.630875348449,1593.9033049666027,1402.1503194294346,48.97602695697802
1376.282139469518,1572.4873267856533,1410.7336658244496,48.47644466779557
1413.4255747111417,1553.903662191341,1408.6957251865342,44.91435649131529
1392.7540842247483,1588.8332512837212,1391.902645326102,47.308119905686624
1402.2018951797832,1551.3253995037953,1387.4877208462233,48.813629597021006
1424.1833094238314,1563.2518854936902,1397.1581211784521,47.88965809903661
1413.452589737983,1537.8622177074783,1415.6779150979567,45.49683634304934
1395.9720402814125,1551.520837756048,1406.4559807895955,46.02485936703702
1386.6321166187706,1583.5705833944096,1407.0396467679423,46.322095792991014
1367.7227689800604,1540.7092792379415,1408.8985695178549,46.09484324826709
1389.2127002113637,1550.3770855075657,1404.2076656251859,49.29316825356546
1396.8330464175847,1579.9526216773438,1401.2060854761357,44.11848029176512
1385.1923070927323,1569.127862078139,1406.6230689664797,47.98387870948825
1398.0311454936154,1619.8407327191862,1394.5383389578199,45.06154493760732
1401.1527782443816,1616.6779309204876,1385.8553698863368,45.558122768823395
1396.6271602728789,1562.641550744977,1407.2299693462433,43.98539994969693
1390.2499612876481,1591.1427523680695,1412.3773810574924,46.1764183532617
1402.529820079501,1594.985651137589,1388.8176806064396,49.26609747730882
1406.6291097435412,1568.0504228395118,1408.219214824159,47.39723636369717
1383.6440138383573,1550.0891692700359,1416.807657133882,45.20245767950136
1421.163985696194,1579.7540310138388,1399.9775379824289,48.52572151156897
1398.521178015736,1576.5430865037179,1391.8199781525825,48.846956395353025
1400.2827443441727,1571.2847100605877,1401.2301867352676,47.15606972155863
1410.6232163488482,1588.8463373632896,1394.494660317993,50.05212373722888
1403.4982419689525,1564.985407859888,1393.832698900436,48.23234618693692
1414.2970495086986,1556.9600490484172,1404.3318406727153,48.02397876093888
1404.3068624780274,1582.1816594069967,1383.962705249701,45.79493193925057
1390.8134393803934,1587.7194018513776,1385.5607107750777,47.94109772843201
1405.4225528780914,1556.467101121999,1400.1929088037393,47.32518691640674
1382.84410689019,1598.5618122198216,1399.7769146108758,47.77974350400654
1401.628395586648,1544.5903772444785,1403.4355457703994,45.973121571288004
1399.5015501403332,1568.4377308256871,1418.7522538848339,47.19214832653848
1396.878247140912,1574.8398292760478,1401.0451403607583,45.77470774967756
1398.071937328416,1567.2755257469614,1405.981721503348,43.77930185005095
1371.7722643175355,1568.6987905289761,1390.2446706438536,48.49745685286757
1391.7691263838856,1617.4214896461622,1407.6793766351655,44.746416527465726
1401.3926735171167,1562.982318219222,1394.7360913488933,47.16077969717362
1402.397845879961,1628.8244344494383,1400.714208325811,47.499503194173556
1384.5848728861106,1588.7425355946211,1398.9115137493084,47.48984452379458
1418.9856176129706,1581.8411027462398,1410.3297423491404,46.575381389602626
1387.0073772767826,1589.5248070677533,1386.90023445625,47.40681721291996
1414.541858007901,1630.598554985039,1377.1676136538497,47.70645060467774
1406.4079154280753,1560.128139921371,1397.8656730291207,48.102447223627976
1390.306590352343,1557.5916416212722,1404.6853125690513,49.60016200907639
1426.6296633891427,1564.9026760685615,1401.522693758075,47.35129122724731
1382.0954475236529,1580.6428629392913,1412.322042374139,47.096073267526556
1413.78731260415,1545.4845775037486,1404.3737267417966,45.63990655197486
1415.0087347706447,1580.446784786372,1394.3615166814013,47.653919485849
1389.9406968638502,1613.8709426682735,1376.7457984586033,48.001074654710855
1420.886979500965,1583.0281478124955,1397.6268776580478,46.71154522357756
1396.2493022810156,1574.1462908204944,1410.279590022578,47.81691875627605
1404.3304044391978,1567.6367910263275,1396.0795221733288,46.56122570967599
1403.9048275815683,1597.9702340910312,1400.2832026367776,48.00648897813338
1397.9853688779417,1563.483344535239,1404.213602543067,48.36890347104462
1412.1621240973968,1616.927918411985,1389.8470762575018,48.347941800095725
1411.9023308082833,1618.6671949542872,1406.2323589663881,47.17676648921195
1373.7720204014272,1585.1350159732358,1416.371217900017,45.440047772574424
1419.5651036431723,1579.769698238467,1398.271866481066,46.08213042103727
1375.0626201794648,1600.6131961648312,1388.709355781677,47.892735985827095
1415.488193065125,1601.8959700445464,1399.3339897297803,50.67321845861034
1416.9005770524138,1563.8801653788116,1377.7561589139113,46.48891884270188
1383.635503546772,1569.468897337266,1403.3690326397661,47.68375651758221
1393.8377856806812,1553.553051306334,1404.5227437764859,46.165921163780894
1383.4144299727109,1588.181298766681,1416.7563629384556,45.539049433626346
1396.776184545669,1593.3325576691377,1398.0600520743337,45.985526204633956
1395.3794857372138,1553.0014872427746,1404.0848533814647,43.87629203494599
1411.6949079840401,1570.896021903677,1391.387118976141,49.030152594361624
1419.6546311917941,1553.054921648373,1396.4357287947491,43.65480462062808
1420.9352571618494,1562.0240037951232,1384.748145633378,46.60425765439905
1391.5674796013254,1591.020341204526,1398.0521037871677,45.23280815697492
1396.8616718938322,1565.3303586664344,1396.9469084648144,45.673429676956694
1374.7484271166857,1573.983480879354,1402.991997660889,49.064783989608
1387.911949002557,1547.4537654410537,1393.7640311966736,47.30160048504709
1414.4727744964619,1583.7398041944932,1400.8334535097508,45.55190576122745
1424.2337423532235,1579.114533603107,1396.6661994439232,46.115724301255234
1381.484766921801,1565.4208149993367,1396.6850061170048,45.851778169336875
1391.1130361127066,1576.2197140463504,1400.8036232596303,46.934681491881676
1399.603913645616,1583.605897610069,1400.40522942317,47.259337527181536
1404.202417382294,1563.7026370218132,1407.6117403905164,49.84336215984284
1387.8559472011752,1550.4747491199644,1398.7935696587017,44.12554885100344
1406.3609156669613,1616.1114886537364,1396.50114650877,46.94778152786307
1392.8924097939362,1567.3345459057946,1398.1919255491277,46.526648461198214
1399.7832159368259,1578.0647979362623,1392.8533588315902,48.41982279157517
1408.1942637200555,1600.2167947004064,1396.4008890643333,47.53222717726759
1400.096334047164,1650.5811037514097,1420.3115871307323,47.885543312172416
1393.4542116421014,1555.1102710022226,1390.8732123930413,47.51762927902262
1398.3558529411125,1588.9965442745302,1397.213436661207,45.60201331207469
1398.67455561192,1565.848954294118,1396.1251133673031,48.81689824473952
1394.4498345517682,1569.2241939084658,1397.528283877556,48.1977573569235
1396.1180590599934,1565.5957595798643,1396.687606911216,48.37329468758711
1423.9797075575707,1557.4869006439883,1402.79240101221,48.89607525576075
1408.4137917191185,1579.1741727643068,1382.898248986082,47.626512650977936
1395.5677952295625,1550.5099462590354,1410.37171472532,49.22148860617624
1410.454316067661,1598.9361513302374,1406.325827996422,47.56645935767996
1394.9927076536599,1581.1000587206674,1387.5712841393686,46.67141211796309
1417.5968695637996,1588.4486994580288,1377.309227270476,46.990094134274955
1405.5446328829714,1570.6762277610756,1390.229278538586,46.96423434779582
1398.3904678399365,1572.655921315765,1397.5733353857288,46.22091301686419
1406.715753887154,1585.7512781033465,1425.8029189869078,49.44783327255533
1376.4368577189725,1556.7189873518835,1405.4325696497428,47.4444430482555
1383.0984879663529,1572.8401913117332,1381.9241035081855,47.14210771374936
1382.0911249040141,1562.8077297224308,1393.1034449509905,47.58241138238965
1402.1441464214556,1562.1886237881797,1399.4678756372703,51.46978177510572
1425.9877249922763,1537.8032351874872,1402.536835542981,45.302413717100514
1433.4695021928894,1606.7865317896,1386.8525113968958,45.73244223242558
1409.5707665216114,1566.2692249369247,1398.6500977202295,44.929143473829505
1407.512667124167,1603.267521103271,1392.8236086238946,46.65110114234677
1372.984133987709,1601.3758464278858,1388.9624143739768,47.36827766499104
1391.8598930039898,1554.28000586967,1402.5959564669895,46.30201622248838
1388.1832437213764,1558.231775286543,1407.7387717344282,46.19040980277234
1390.6872860262333,1631.2100591871138,1408.4104127696162,47.2136072999422
1397.4778427212282,1615.0185188385428,1405.7438635113388,46.24683826275545
1392.918641334543,1579.369629733438,1395.0263046685973,47.465263740774255
1370.310502844363,1585.147462128347,1407.1454976146351,48.67135152011391
1411.218653841763,1567.3830719410562,1403.090544381043,48.01554570470121
1383.9088546139028,1588.6470542840068,1401.3394188295201,48.321520020747805
1403.5887029616672,1565.6563619855506,1393.883068782982,48.62887761726008
1431.1112400462496,1539.3529247140323,1395.0312387265847,47.42424224017805
1386.2092311262036,1553.568884269779,1400.7388693612456,46.76203846093535
1362.045687158805,1580.4218549570116,1424.398744669855,45.84162039367521
1395.7099366717982,1557.3786552899483,1403.012424800914,46.41323275454642
1416.5143945249786,1578.6544507017293,1393.8881149774973,46.21447170098466
1429.3752118133089,1558.5067792113427,1391.6761055503055,48.097508489931364
1381.5567560832137,1564.3529215499602,1395.082333873438,47.52017383189129
1407.4504883485479,1597.0633061282638,1421.7729344754907,48.04513679407145
1393.0203431482992,1584.949610952802,1396.0074335405404,45.259494715849776
1398.410774685438,1579.806711573733,1409.068705346103,49.14762422636162
1439.6651502052555,1597.579279461413,1396.2407175452865,46.359529442739856
1377.4554450740727,1589.612171866947,1402.6118454127964,45.349975036888004
1403.8060949224187,1608.9312658250274,1407.9174527400871,46.34117335276728
1407.0153975764815,1570.8028147536972,1394.2809715019007,50.72564898888126
1416.2867948740902,1571.4073004294498,1393.5888834584723,46.41842470026265
1401.4697473020635,1553.977814672173,1416.5886969445532,46.512355292793615
1404.6207580925616,1571.4203856525517,1409.8459289489579,46.71184297905548
1394.1252714886732,1599.295397886049,1407.9067231869074,46.77706942485282
1404.0369041186766,1605.9997474452427,1407.872762931229,45.82778590129812
1394.852115867539,1599.2061033617333,1404.5957548831107,47.214819624809195
1409.3235783478408,1544.1161626690114,1420.1777581317506,48.613392362297496
1394.4558449593455,1601.6629042532147,1400.4390830187715,47.47143397321806
1405.6565059085328,1543.2296275345586,1405.772623672009,45.33325205165002
1399.5610577947252,1597.962346482447,1385.4908707140598,46.48348114259944
1416.8907537615826,1572.644309468579,1391.7503931340875,46.17270889984756
1399.2290941461727,1594.050666278677,1387.9918100016496,47.0794092023522
1373.4045129768967,1553.3510330421086,1412.7406358351616,48.99567750734347
1418.9288225107098,1603.423352654123,1374.4745984797926,46.77667580596867
1386.4140154870606,1550.700505077902,1395.9768997724727,46.867767696694415
1390.1935049202677,1566.6309017829365,1370.0629339733937,49.666467228229145
1391.0650805893476,1560.0381074446193,1391.6871210451811,48.31430898750749
1420.6165713975622,1544.91430294355,1395.0905105026814,47.8611219231598
1367.9648867903195,1581.8905513517693,1413.8487109379405,49.937197422952664
1447.0662280048998,1616.1217823567392,1403.9662793922146,47.73471688219102
1415.8408521359909,1633.3381044464002,1391.6685847667104,44.020209287033715
1403.3485837119374,1581.943115741725,1410.6596371973183,48.24899863682054
1399.1765899907557,1602.3336255013505,1400.1783225452975,44.61198731432202
1404.283311122865,1584.6418927585707,1400.3756685870726,47.67800805287367
1407.81683642569,1589.9776638953642,1387.97328492228,44.42938463880614
1409.678233789251,1573.1570269774552,1390.0998628609686,46.29971688440012
1408.3340669900517,1583.901538508452,1391.7490270005449,46.45432320558519
1401.3437102188286,1590.7495740921286,1400.4646127315418,45.84482133915237
1397.0399236953901,1568.4308054224734,1400.7788572698068,46.4767220042132
1397.7309007451972,1578.4501140021403,1415.4409266352404,48.54884258054083
1397.0763757947097,1578.8313976200502,1403.8505516793784,45.929070631760666
1417.006551453006,1596.5280663466106,1372.924343063279,47.81771131926581
1408.903350834213,1558.6793565674463,1402.626419878717,45.55152554058905
1355.8941704800359,1578.9691558278469,1385.4998364383246,46.71575063541181
1409.8385116479465,1618.240109381054,1390.3402907538846,47.485758899491174
1402.9210429207817,1603.2812030517186,1391.8783052827366,45.50520737507216
1399.7193686533114,1606.9835809777742,1393.3666167648769,45.032419350633965
1394.1722232036668,1580.4886368035607,1386.248506079597,47.73781722586833
1416.8616907997903,1586.4199512737205,1402.034820034523,48.684620599010955
1414.2128969318428,1600.0447233340585,1385.8919771490905,46.88140247076894
1388.406834982646,1611.2051105906187,1403.5666760724985,46.314030640164944
1406.105784306868,1540.9679417423422,1422.3697107706164,47.23351308153258
1385.4251489818807,1553.6911738590031,1386.7064094106593,47.08321987814807
1379.305727528166,1606.188882028053,1397.1548969566077,47.36435381106688
1390.5992416311506,1574.462212884624,1374.7654263748752,43.207632349529426
1412.9359020857414,1566.5655842148385,1396.9906470702986,45.39634356325106
1414.2968756806413,1554.916780260088,1406.4271715263149,45.73215484184472
1407.6962813014593,1568.899665969118,1407.2063923135727,47.226301442767344
1410.87643680272,1551.9526143315236,1400.773637302841,47.2788168254334
1407.7426743067244,1621.8218854546496,1408.8926342475897,47.95427073302606
1390.3777760716557,1579.5512789603886,1425.460545359428,47.38637262381565
1406.4788381701092,1578.8409891647457,1417.123046874376,45.048897394418994
1412.0061428784152,1591.7615335033565,1394.7747907059036,49.17050692637759
1411.3143699472037,1599.2469033853313,1385.4889601353327,48.90787745513355
1417.8337005721196,1598.917763131093,1395.9384858342619,45.11270406495961
1410.624557708016,1601.4724388781515,1390.5301723438265,47.499057941561276
1405.2717231131237,1567.383088984183,1404.5134754786463,46.106863422135476
1416.0522535747464,1574.0426639008629,1388.188064605705,47.208295983800824
1399.6021811112641,1595.3806331088456,1399.2717756740965,48.57996541946281
1386.7718802315842,1569.4522187672076,1408.380140545363,50.19515639948144
1397.5539955408435,1579.8978673594554,1398.9930412718281,48.12691655771391
1388.8264603279033,1587.9752752884963,1390.5368617725221,47.442402102665206
1389.8723258753844,1595.7037016462075,1411.748140575857,46.49026824753756
1397.8322199392671,1544.446380752596,1381.2101905524617,47.273202306516765
1388.1137011850005,1594.294912997779,1396.7220494412254,49.03965783999247
1395.3805770554145,1575.3255188429655,1399.5833997661866,46.93293686486062
1371.5957799956932,1594.1491542172876,1400.1590865839962,45.670831022978525
1403.199405610594,1595.5386338470967,1401.8049605607807,44.57046520172506
1400.0180821304334,1612.1583012223832,1406.104398198095,47.769571801115376
1387.7436705339771,1607.069072952424,1399.6459256095466,47.37093218844161
1409.888685026486,1606.931433252206,1396.3194171785633,46.03113774010656
1414.0635520643984,1608.8734063833247,1395.9241065534031,48.539021188560945
1375.8866020344653,1585.827579696319,1393.8848419796163,46.36733470341856
1388.5591283215067,1580.6437017407368,1407.8754332432686,46.798033862262805
1388.4628647531906,1597.4563416635667,1393.5347152052348,46.97500380005309
1385.901453483367,1594.6416190286604,1408.4677110900825,46.47357088679287
1412.4421226289762,1573.8186752652348,1400.1899908225987,47.353797598624354
1397.092607918408,1588.0964681761654,1394.7874519314387,48.7272727188995
1396.032277380341,1579.2980706643082,1406.1840721574413,45.286277152822365
1369.9420645338987,1562.9213418307988,1392.7254607527689,47.732780207711016
1409.5312704531384,1605.809214827527,1406.3818404072822,47.25823800440966
1381.4111240771979,1581.1039848506018,1402.1272612119178,47.23064574431706
1400.898989453995,1620.974165153977,1394.0367531090808,48.307766854811135
1404.1606540693729,1547.4901545960033,1405.2863481533457,47.073946137825736
1420.4098789375798,1568.8644245431326,1405.4658972568864,47.72034389285855
1380.3676940132134,1580.6527767338175,1411.5751960580997,48.07379694435672
1354.7073176626877,1602.7476219525784,1409.661470124093,46.24345219942909
1402.7577431713055,1587.9893874520437,1404.912740207263,47.4487751912207
1427.0076677226627,1586.209455083615,1388.7240904879125,46.623818589184054
1418.5841952940916,1557.454724148917,1424.4858698817407,46.80097733042016
1403.1448912291194,1556.8611720554106,1385.9638378892819,46.5169079052825
1392.6254572155192,1586.450093205798,1409.492631742823,47.70662060614533
1412.1068389495597,1552.7178801236328,1404.312838168863,47.12246706352738
1385.396807004433,1569.3624449942133,1388.258576275189,47.591816051475014
1407.1453665403433,1590.0183465817172,1398.756990611215,46.973723955656375
1407.5820523874995,1560.3535145544645,1399.2124711375536,44.59381848129451
1415.9031486124832,1612.1071192472361,1413.0558271581053,47.047052624149565
1441.3949005836662,1604.4787268847579,1392.866890997198,47.09530693273523
1405.8862395076815,1548.571600033234,1397.3805499357566,47.36389390573019
1392.3655456143874,1561.3525751363602,1376.6393039497873,46.10940620947139
1399.6163853171201,1534.284455110101,1417.3476279312358,45.20679542500173
1373.4638614266632,1564.3481727490373,1389.2953175697992,47.936909967341414
1389.579303033664,1595.327769531448,1403.2691086423918,46.58959016519875
1393.8607634283035,1571.7221011545028,1398.9859217027813,47.25686607152749
1392.138674030981,1589.2159448723194,1399.0199903321666,46.57780988016756
1402.2853230805058,1549.5533136343652,1408.0986198487087,46.99090726133961
1387.663701014267,1595.9595050916382,1416.7126246030364,46.32607197809629
1416.8154600098671,1568.897815441433,1402.5149366994199,45.547874616269254
1400.003105973773,1580.2433936456582,1406.5507801763054,47.71059749115299
1399.8604951829209,1578.142509972139,1403.2889153672704,46.09531986766082
1395.0815792523063,1554.5690295821544,1410.1753142393063,47.245927221342214
1402.3278602578846,1556.9383133652043,1395.3708362051368,47.61569033285312
1412.3764739700146,1599.3558893800684,1410.7539055441641,46.119780926595375
1386.9930467643364,1587.979843150034,1411.1049986564738,45.19417154844052
1390.128252663871,1601.0009808310685,1410.825370086829,50.63912842077958
1395.44410956835,1586.4931647100505,1393.3985213266353,46.20834218608186
1379.8119361479019,1582.8598126961842,1398.316623657628,47.935125737901735
1387.7111321041775,1545.4797876266646,1402.3946698878044,49.90919532435519
1392.85668689683,1574.5926660647765,1386.29157955171,48.18486162028084
1413.1158377106908,1579.452313591925,1415.9492020808602,46.549335786758675
1403.9384199350288,1619.0621439654515,1399.8772346649782,46.89932541869733
1402.903848670513,1593.7391326419736,1402.8392788760473,45.75108917039173
1412.7634694325195,1610.7212236341907,1394.229955602728,48.32254464043661
1397.939423174009,1591.9507541178946,1386.7312244063298,47.84940606208803
1405.8569727489332,1565.7739354610105,1393.9597011452522,46.22836127260739
1398.4516737060126,1582.342484322997,1402.192041876336,45.436737789352335
1403.9804352409944,1584.7244729252848,1406.734288127537,45.018149393504466
1391.2586201358263,1561.2168886045863,1401.6179154060271,48.479771005706304
1363.4177426258536,1572.3122524681417,1403.4672401624196,47.18055969343334
1397.9858125672054,1575.8846601264565,1396.6297362531861,47.322476804499125
1421.3412220414991,1612.1123966513023,1404.9624856624544,45.765577061206464
1413.8932310336238,1538.3851894921804,1414.828328663859,44.80474534504339
1414.4809622688676,1604.116368414321,1407.0478944243898,48.44392036206745
1418.5419608270934,1561.2640953008124,1408.0954188825294,47.06305855549584
1401.3298638644217,1552.5584162546077,1402.9401639930663,48.36085199008643
1402.959735611084,1603.5988426007693,1384.968449304004,46.421100310226656
1390.7352215684848,1594.6379613846875,1389.5533346936875,46.64477323544471
1395.2589071595942,1605.0903740476238,1404.5487580066385,48.069947264930946
1409.2365672465671,1596.0140389509115,1399.8906094803992,48.09852211947579
1418.0582665575323,1621.196900034748,1404.3984288647282,48.196348434028934
1397.908305864785,1591.1744767388898,1416.7642341784408,46.55719812034596
1393.247161027229,1576.870452477537,1407.2603599922934,47.9218208564763
1400.007919382849,1586.8585275464268,1412.5888620574283,48.663649198215076
1409.0181012339367,1604.8693825669193,1400.9468138947072,46.8428419824777
1378.342177757997,1564.4124934947977,1391.9278432251556,46.22976745433892
1365.5572857029415,1566.9622283493725,1399.4213384078566,49.01412140497515
1391.7419472576262,1573.820799708042,1391.9524818628086,46.01833139967304
1381.6893136112876,1537.9083440246934,1415.5829495677244,47.944214745671715
1392.3778970352903,1582.761568168351,1407.9039107653548,46.912366534220205
1397.783295217738,1542.2774259209796,1405.2051249662827,44.23765157527316
1393.2012738646547,1581.0611862586525,1412.359432022281,48.69289110121787
1421.787013017061,1597.305795122705,1379.7994358547678,42.863219555678945
1404.9011714690348,1570.4624707871233,1405.8813795134265,44.023807899863584
1404.5071153941624,1613.5423174037373,1386.8935421569563,47.79099511922101
1409.333107160651,1550.7899820116302,1399.9274430153434,47.79060679801717
1382.9175032332885,1603.8252136326366,1396.8829240753278,46.0436302131837
1415.586676811304,1593.5027411281385,1406.6173661209696,47.22173313545487
1398.8635357019682,1545.6793350337862,1402.2818728896095,43.20285493133299
1410.0572092586183,1634.2158859808108,1413.4511717361179,48.060463196705896
1383.9221415043976,1578.7250942899207,1393.9810283906738,47.37458823058039
1376.693618509759,1562.4503195568873,1407.0911438963328,46.93153571999931
1412.2683448703754,1551.8582561043197,1401.6222321689884,47.03126222320666
1405.6461428914627,1575.5996394468066,1383.6470972992845,47.73988126428955
1386.4692266846373,1577.4518625522007,1390.8138354147698,46.95664771475321
1386.9550537808796,1582.0529105707933,1398.5012196647783,44.18891674590317
1416.8815217662216,1574.044076875521,1411.1229244989172,50.29449835178379
1382.1588216069902,1592.664506202302,1404.637230575571,48.80120122914268
1424.6400942988394,1572.2474033467352,1388.324991761193,45.072583007067756
1386.490688980282,1541.3007176551905,1398.5968377195284,46.482294154285114
1409.5758788841258,1577.012770087007,1420.1780644879302,46.645948714765936
1395.0707228637652,1532.6504469325344,1401.1122333484086,48.618274349763446
1409.047811466235,1587.0754126178279,1396.726744249276,43.76109659702035
1391.8382899682872,1560.4139953943472,1404.9173964075621,46.251487603355315
1397.5581064089156,1583.267207098316,1407.6339307958197,44.359045334993745
1400.6137876309358,1606.2814996304921,1395.4383165251993,46.572356726257496
1384.9671881632778,1561.02502609464,1405.0257477437144,46.291248660372645
1411.1123651813018,1601.2251251702423,1396.711105033292,47.11954110107407
1392.3017965029262,1571.332208666277,1407.1932760182945,46.09268840148623
1396.5710012698996,1615.0638960413116,1401.6969315797128,45.873464912914216
1385.0847593808724,1572.6969477360358,1404.8196782705288,47.929485037644724
1361.5649951180703,1563.1901402898661,1392.4081645383249,47.68200911141387
1397.1345835609975,1593.7447690079057,1391.7871361592713,47.82709751416736
1436.1892313241938,1571.2842054075272,1409.454973046594,46.73464986426374
1411.7690643184703,1563.1710097174198,1399.206036186145,46.142392126662216
1399.711094303984,1570.4432029859242,1402.8503474209936,46.821721276968844
1396.056637561876,1579.10786935634,1396.9360457291348,47.751743105102676
1400.3369883921807,1606.8436026248971,1408.9872677401365,43.734830448542226
1408.2067867276282,1541.3182450908084,1393.9219001997035,47.59116789555629
1382.2878077703674,1580.4616131790085,1398.643987600991,47.46370728100219
1416.714825420033,1592.4980718930808,1407.8599281270313,47.09322635912859
1410.7307197316186,1583.8689714998359,1411.7296769916427,46.776029867192484
1410.772785885619,1606.1973033886707,1394.7624070897332,43.15082092110138
1406.577136082146,1578.5130934048295,1419.596839819559,46.34022010534939
1400.29424986541,1576.3089711562811,1403.1324169369361,49.68415806661606
1410.0929185395023,1591.8465909402669,1389.5707173819126,47.01935194335246
1408.8772120061208,1581.986276299027,1403.6905204858997,46.53906524198792
1394.6893893358847,1572.1918252343905,1396.1700078551655,47.02535929338517
1391.3959734065465,1590.3228807917276,1404.3406848718319,47.53215930294201
1401.5278444289297,1566.9494341356672,1399.5714375233965,47.9882303670342
1423.2353022724278,1567.7764569596134,1400.7427369019015,46.656679755263085
1381.4133938651914,1569.4401195646876,1390.8840662341386,47.63737940359053
1377.9871210137135,1607.0613832033282,1409.9006123071636,49.51497620414204
1402.4714126185477,1515.5796728802857,1388.4387263284898,48.509376199149074
1400.7633155278402,1587.9119766952588,1388.9123510459501,50.51045032378547
1402.6001249655562,1580.6854362840045,1403.673603491475,46.014844462472425
1403.6592979686275,1546.3825908152376,1416.0284424717797,49.514284261253025
1396.651966180478,1586.19453558272,1396.4740690293559,45.81398954011611
1422.3479515790311,1589.5150398366306,1407.0097232270396,47.53034922011069
1375.9864403228523,1591.792784627148,1410.7334017686355,48.09871479385715
1387.5725446282963,1526.963438739101,1408.1468443729407,46.23383421214329
1398.4511785977643,1607.3277882370887,1396.887917108263,47.13194641621141
1375.3521678326874,1565.245265906303,1389.0895328280592,48.365691653677764
1397.362183933519,1593.7313549350636,1377.9245243432865,45.934593652532136
1424.9220524859202,1594.8214756136458,1397.371595005376,49.50407518932147
1400.3132973244394,1562.466058287614,1411.7808736856218,44.923105062908974
1403.4605135857803,1593.209199047031,1388.7583401523807,49.909537164092576
1381.0975285224113,1572.290135181753,1407.0020984751877,48.50198920219939
1390.7545788794077,1538.5724564132368,1390.4984746994812,46.86541163550833
1394.372054295141,1603.3548385105555,1401.0607257638683,46.395997683144905
1395.2342735486566,1564.4991007396752,1407.07791614155,46.23945760581346
1419.2246569250565,1562.9101307452388,1393.4050456316156,46.79630653961448
1408.3653659108768,1571.9386826392656,1401.704846806969,46.92725620767676
1383.3281306459446,1585.4447345065478,1395.8490866327468,48.882839369951874
1403.69757167648,1578.854591783558,1407.0514865893817,49.952981150576875
1407.4733262274517,1590.9613384941433,1402.3531716848463,47.29906988098101
1417.102235577819,1553.2102126694267,1400.5650767442926,45.73155726801589
1423.7081102985255,1565.1522725913853,1415.5834996014198,46.18141093904571
1384.773587122582,1577.6800585535693,1406.623061423683,46.72536382308307
1387.8371373318448,1617.9577458531742,1393.096481338737,45.45481684205484
1381.1363321162808,1577.723749231725,1399.1413609920223,45.23158789683893
1396.4897021133952,1601.7044452732325,1399.2410121492035,50.145690818559544
1406.9953756166951,1580.7711033756864,1400.8031957262522,47.453920288919385
1414.8100177488366,1570.3268272512487,1425.245092766075,45.75030029947948
1398.860734645362,1575.0655115177112,1403.70851892711,48.22490535553657
1395.2022871511774,1576.6316057594224,1379.6409742989522,45.23248081278973
1402.2763698837311,1592.0729147792147,1394.5720102828304,45.35598192819342
1387.4728564755496,1607.492225351531,1380.676279125042,45.79543639840363
1431.3430808254216,1587.1936169537264,1396.7020174295417,49.48176992129755
1375.885084593229,1603.741553574835,1380.1268977027357,46.62067990133244
1402.7711086834358,1560.7042052474062,1391.2840952893157,43.33743951964627
1430.3540932884446,1571.7073898237195,1384.7927847036588,48.81509889976339
1400.1019976684,1565.5139493158467,1403.8416017796749,46.54042795375646
1397.1494144749777,1586.288891817497,1400.0053936262889,44.22588799118239
1394.6383186578437,1572.8208322964117,1403.0296230749873,46.52497476805488
1397.294124773564,1594.5954587406839,1398.9544861143147,47.78150584490736
1420.5927271201479,1561.3799657673512,1386.0570224979558,47.60607374979946
1366.8220713300575,1580.8606194664255,1405.1352136925473,49.69762246874723
1423.001505519445,1593.7371582202452,1419.2222456026946,45.72084820614511
1378.6406427132479,1538.6939444991879,1404.0921257860655,47.07008018039746
1396.0002150614837,1622.432626146604,1395.7407540068243,45.950646082132366
1393.56133369552,1574.3369623024025,1385.7193282389455,44.686710658719164
1408.8282990465607,1539.4992017264765,1390.9193302924004,48.32829105845893
1376.0281347217438,1583.1618779715357,1404.5303965657206,47.69490435372128
1406.9325899912292,1580.668869359463,1410.7311802679938,47.42551767454828
1430.3646443493028,1578.36211240855,1402.6086617472197,47.64018528988797
1379.5523899311079,1599.8238222585333,1407.9988728970598,45.97179072096737
1402.845592514156,1594.9488994285412,1407.0767824402724,45.49145736902271
1390.0702673330509,1585.9575238204768,1405.0653439138591,47.05647105825404
1406.3883080928956,1589.003112678933,1393.4152640473874,48.74181710361742
1400.2872166612362,1577.9128310112383,1401.7392351197516,49.41211570318032
1390.3776963643354,1615.5098169848009,1391.5162219611786,48.19314906021115
1407.318084273066,1550.4160796328447,1400.174289529581,47.04376164015214
1427.065221646801,1582.793033484318,1403.3086353106692,47.4046758940999
1397.1364431240904,1581.3004926237757,1416.7878380738684,47.01739078898806
1410.7963691322227,1596.265608121292,1386.9026802563237,45.46108499045086
1380.6009056319326,1563.122922451502,1404.8150763099131,47.03697106731581
1385.6534543477298,1545.1265479520694,1414.8123659162359,44.99775977361726
1407.0860941682056,1583.1364603219638,1407.588477658388,46.81388416084544
1422.2617404280395,1585.6246098443721,1408.3294544282503,49.45415766589448
1405.334200231785,1609.791988188953,1405.876949018678,48.234288834175025
1395.3041295421526,1554.5927590734982,1412.9833448977543,45.6153212236452
1399.9893710813503,1603.0938753343344,1389.1252183188763,46.891356395536576
1381.2438839904542,1627.3482872805425,1386.1407333402976,45.74843553236789
1409.0677298953306,1572.4447022495503,1399.9366585953474,46.90622934773418
1413.2349959348512,1554.1811556101354,1378.388378964283,48.561661724786845
1393.2186450075037,1571.8605126725326,1412.3064580417802,47.979511907464854
1392.9493677836074,1580.2800993474277,1412.2071519549545,50.726216121118
1403.9881734447808,1591.2757575001383,1395.6664944491547,48.78871610376136
1393.449203959391,1568.1721054032391,1396.292294033395,47.306000571616536
1399.0080107806127,1611.1039706829467,1399.2765252484933,48.015724961199936
1431.4958268374978,1557.7093536998389,1400.5202065043961,46.696335238725
1396.29461448881,1545.215896956544,1401.2717391919427,45.308743629370255
1394.6248977196817,1602.1342084857463,1405.5823210687831,48.95866486743128
1390.2868729154727,1534.507579375876,1398.2737364699153,48.513487215397475
1411.1628795724992,1575.9174046225457,1409.431933034778,46.638418678109055
1397.2816374017284,1642.353622584161,1404.459477771253,47.41090360539701
1390.2594044251787,1579.7591289408015,1393.9303655412737,48.86140878107721
1419.8195604840953,1557.584646986075,1413.351126678041,48.269527139309034
1421.2940450677045,1578.852050724264,1386.4174301387752,44.805348123125455
1390.9936465139194,1578.9839842276094,1399.0783418917852,47.365430032234734
1372.0019007295907,1583.2129988070624,1409.6691740107547,46.74855271176745
1415.1127053475539,1593.2452596431924,1392.7692689508785,48.66950104870802
1389.7305526136,1559.2177766326452,1403.0955564676715,48.54656410817399
1411.8593839874416,1613.7509611047358,1405.4333959699904,48.97791174226707
1370.4484427343225,1584.9022856874524,1391.3947613201876,45.32315849191969
1413.3889600744897,1594.535880928036,1399.2752228040597,45.823832698915645
1381.8324210607882,1567.437012004887,1398.434961697908,48.67112365420316
1410.961461785998,1605.7276427399106,1394.4826214816771,46.11253127698633
1400.2140960175466,1574.8589518237386,1423.0167485205077,44.71785052862854
1385.6909087090503,1585.5510502698705,1392.3689364655452,47.7988947314211
1393.8944553060983,1561.3378784562578,1410.049302940679,46.17917233960104
1410.2947768543504,1560.0613674719575,1396.0719898311886,49.6846861554626
1401.5884167967286,1593.7641061290576,1389.133638111147,47.444276830982695
1408.7661947070872,1571.1278633958523,1401.0281424315506,47.2403889299625
1429.6466087677322,1562.9235382499126,1406.490933843875,46.446134162576364
1376.5363758243343,1567.1363331594594,1409.2050957506567,49.386253000890456
1424.2581886245293,1593.9790614343485,1415.6226511065506,47.53783168983473
1401.5653390628481,1567.4192427759278,1429.452462899351,46.38725072276569
1386.518239275153,1577.6469013679566,1402.505142037556,45.80887444009183
1380.0452956139152,1580.300555005742,1393.3690782617462,46.88979041815367
1397.1631941383446,1541.653022279794,1404.5287432679488,45.53352974426779
1413.824751678867,1550.5774718925297,1397.337870495935,48.543316162518416
1398.086763194337,1586.7255577849512,1409.2596612985224,44.28748691896365
1422.6673239537101,1565.259412776946,1387.0283570363429,46.79072895750039
1378.2323646492266,1601.1344982256085,1423.6833454240043,47.9152003176319
1399.8186657823092,1599.3361420850108,1408.5604809477552,47.51317913016449
1381.2140983338031,1594.3833733271088,1383.1599598220384,45.924075540476494
1405.4544782393746,1616.395435746252,1392.9097109768502,47.99038806005982
1413.3033108514594,1578.3382134451363,1408.1608104411393,45.67094091742114
1393.6885730947843,1592.9776385180767,1411.7634405617146,46.96642301525478
1360.936792150593,1568.3119804680794,1387.2776237276803,47.97776235797053
1402.9842222019474,1629.0473982573744,1407.1302585043295,47.69436916923967
1406.5510782760027,1619.6726730487203,1380.5266012733807,45.9874414828708
1406.0644213244254,1580.2376086903557,1399.1066413452895,48.79624177484654
1418.5367328773323,1587.731724598104,1411.120468421032,47.1300418572283
1383.9341948052643,1607.1859519872962,1394.4848426989702,48.114493116408724
1410.2032415817566,1577.0572099037179,1384.9307770086198,49.29365151000987
1417.8876126871696,1566.867518584006,1401.4621479637756,48.67628082316191
1373.3211862399023,1597.4797950201375,1393.9528113336453,48.68019410949657
1404.7947773887847,1581.5687849216733,1406.2955836606584,47.289019894774206
1392.437302534885,1583.6598889929053,1391.1467356778194,48.19090268136576
1398.7771599034754,1563.3145731386408,1392.273631103469,47.320394861846474
1405.215147253075,1545.646557032732,1379.7899767912377,45.18601329833238
1392.6915715382968,1584.722848197582,1401.699447110515,47.45411568875756
1389.8643788125758,1598.099240829884,1398.390950617234,47.3845414756077
1400.5122862623205,1575.4838650184793,1388.1161532925994,47.87559404228273
1383.691310917058,1608.7285903911772,1401.937987137671,46.808004537179905
1383.7126230667222,1565.921673491689,1410.2707030064414,45.85781666485423
1410.1905992443476,1558.9059109006816,1397.8443205658104,47.98475912476284
1382.7680894726202,1578.6553938560774,1402.6816694982197,45.03009156912163
1409.9946875136382,1578.3481484929741,1402.7331124958516,49.1882287037847
1406.9388693928092,1595.3993746267045,1387.9567017282104,46.65287290819251
1374.1128990681411,1564.5007435187204,1420.565858207076,47.36829225808425
1389.8365302149653,1607.361884736298,1395.2915016987772,47.83783722992236
1417.9116410457107,1619.338339250165,1406.5611620186028,47.886032067266285
1385.2825170329047,1579.217119460633,1407.6921527722905,44.8865235500724
1393.0339360653593,1604.9942084036863,1398.6040487288424,48.2361298708164
1406.9309133987786,1558.870058587495,1406.0679502505964,47.45473074256441
1411.750857639239,1601.5044308236384,1402.458192218164,46.04710792316209
1396.2269167093325,1600.9455281711892,1385.823602427726,45.87549957358113
1391.0373470796253,1597.2687456037975,1396.677272987499,46.49892037691473
1421.3355479254776,1579.688738222594,1393.8744909764594,45.05188747008426
1426.0834949569637,1520.9150211751594,1395.3825495865387,49.583401086480535
1414.682870761727,1567.1654571269573,1386.9599682216335,49.229226987715016
1401.2797721384754,1567.481679646308,1411.2643371674603,47.67755030146391
1387.8760141753862,1560.4349012387904,1416.0199265461342,46.66490237548686
1387.5433339016515,1582.4448600909413,1409.780029759984,46.70433801809391
1407.8377115789863,1571.6207310895752,1412.7052922414714,48.13709855926095
1406.2759733133303,1563.5077598046996,1396.5536516299185,49.636740349252925
1421.0239788941965,1558.8239970350437,1393.6374316501397,46.14440489060488
1409.7567513880422,1565.6897402902955,1392.214129531883,45.32362093606501
1377.4537954736027,1602.4299842369985,1406.4406492295723,49.32146116039291
1415.7792142658438,1566.77949890745,1402.2706305314414,44.31929211862332
1385.0290905902839,1569.7012258713346,1399.2277828840158,45.48720378762103
1394.2404309207147,1570.866047699535,1412.9514854419535,46.629713161233724
1403.7530030937753,1586.7798702761884,1404.0494135381534,44.65934979829245
1429.9350123467595,1589.1249897705707,1391.6134236247942,48.6682235942099
1446.6487783400803,1519.1068692151368,1393.190911708643,48.28535790575765
1409.1008458870429,1600.4327042765522,1406.8199329925415,46.13781015917702
1397.2520507191941,1608.727360684875,1410.417328526546,48.91942117876662
1408.0175847272083,1558.9962692527665,1405.5168023225597,49.17393864260574
1413.3148313881075,1560.5540351053032,1418.9688874787207,46.8302440275649
1395.1899856166422,1570.9949322444345,1416.3500716573142,46.323997733647985
1426.9281703386848,1564.879919610868,1404.4103583485075,50.38940304161372
1403.451061387871,1584.4785374789321,1391.614193405185,48.081742733126234
1407.466146336371,1541.0694942728228,1386.9001248826823,47.38448697945328
1409.988863780817,1557.6414478392653,1396.126182549853,49.04531891995942
1406.3237991592168,1610.7839440034982,1407.5321344641616,47.452895952504534
1412.584107507044,1561.4356006530397,1418.2664707931194,46.241569121121216
1390.741202201796,1604.8685655620584,1404.174470344108,47.12023964073133
1391.6254736908095,1587.1067639118028,1411.6872279423123,48.5579814309796
1383.4976865054246,1543.8146457082348,1397.5469251381219,44.01172165047618
1406.5925184593034,1592.7065839043241,1406.2276912522755,46.56795389084117
1411.6840475526817,1577.646653956143,1408.2335682947717,49.074586097872405
1406.8665929922784,1570.890658875005,1380.2040572414746,46.23219739835972
1425.1173865002131,1584.89914186344,1395.865611976235,49.31916284064712
1399.9160597175644,1589.4926697113358,1409.4970038427787,49.12211572903972
1410.0311248338876,1594.1518364394924,1402.7446833563656,46.90170632676657
1383.6244868579104,1603.56505695096,1388.0348495184908,46.1471910426665
1394.193504462884,1588.1627182555671,1375.6987762427264,46.568961688775545
1410.4330663634867,1552.4873182242727,1396.34219254698,50.99692173800215
1412.7365316611472,1570.527090846976,1399.2841430710612,49.811636670399864
1395.5904957850373,1638.8609667053724,1391.1607705017166,47.18808645771011
1398.926011222129,1594.4898212076346,1401.43084937028,46.08776967256939
1377.231893799788,1627.3857460162299,1405.0638674723289,47.17556155337189
1394.644561987901,1607.9086816439838,1406.7068717072623,47.36574038992515
1413.3557474527968,1584.836041431115,1376.4408107506767,45.13496189358597
1408.6280752415985,1586.0281413956222,1386.8571490219188,47.120061903822894
1407.5099858207182,1579.2683992024631,1396.9537735164527,48.98360648721759
1400.7466053077144,1545.2439076830701,1405.7217313103747,44.30096497817529
1400.1059473794226,1580.3609450493645,1404.8923401355003,48.23987594770587
1390.0951829078983,1604.213491050844,1404.7186994787667,49.06219695508217
1410.482426303038,1568.007200103576,1396.1658205803108,46.15916398235845
1406.3145941658408,1588.239059981236,1396.7236656269004,49.54126363728658
1407.380282719892,1597.031820917864,1392.7167073157825,45.96449440632748
1392.1094773599864,1561.8063912137504,1407.6819412810585,47.6616239927906
1367.6998562019314,1570.9739427131267,1390.7951121226042,46.53984097300455
1416.4572906763055,1559.6417701904568,1408.5003639518957,46.539505464256095
1392.817438159874,1563.5566878662119,1402.0785323813764,46.07405139536293
1387.0583635393532,1554.2478943269389,1399.5495552154484,48.04786322129303
1410.40218367871,1561.9910307724394,1393.4328960022353,48.273208186597174
1394.119810401213,1608.3891136159568,1386.4445813883588,46.903366700634216
1415.8990457606994,1561.6904594181942,1393.5234724362194,44.96004767949159
1409.2550892436504,1582.5291843812138,1396.6999313137512,47.60475524995159
1410.2535398480072,1569.942624926581,1376.3097568841874,47.633021539116044
1379.510664331992,1603.5773187407387,1398.0264484466534,46.67492748292036
1418.179159780796,1606.2232459320724,1409.24357368026,49.800846930771215
1403.9187579685079,1597.281399642779,1405.6721790543388,44.65410610264902
1394.460842911307,1586.122691062055,1395.037941242585,43.67407443461965
1402.1508270101338,1575.3788092631821,1400.4693629841522,45.9037476504535
1373.3564715065252,1556.162505916175,1394.43835430578,48.065636801137174
1406.12979217221,1618.870577622444,1401.487607333357,45.41623304384924
1384.559427377269,1564.806539644949,1415.4010782374403,45.52854362221089
1379.709945712347,1593.2729269406568,1409.6849880262487,48.42653200426723
1377.1646122067316,1601.191311452468,1405.2079430569274,47.69382188419662
1416.6903256248488,1568.8943900618933,1395.0711508761628,47.5655913644426
1390.5610490946083,1600.7602505463192,1407.4993839294484,48.17214337919829
1423.0059156487475,1595.284264066777,1383.1312304862695,46.362210570090674
1391.9629780542155,1614.5592767076353,1397.476465180091,46.431523888912714
1374.3896306361057,1570.6130706714657,1405.8371141982395,48.214668908842135
1383.2521334007702,1554.2827196544058,1407.4042121404775,44.9826698288282
1418.537174300104,1569.8902048911098,1406.6988449021574,43.78592023040218
1397.66152733095,1584.1770708506867,1402.948306892097,46.35007373955822
1391.775690552641,1581.1642545417012,1398.042750209161,48.39630993359854
1402.400273387792,1572.131242074509,1405.379759698265,47.38333954848021
1407.526741042513,1541.816050820455,1390.471389594137,48.285937256184525
1416.7609822385368,1589.409659922582,1391.5532273670674,43.97555853436525
1421.7274884483938,1619.446889581644,1400.6173467646029,47.47324521248524
1394.6034703131638,1589.2850247624601,1401.7319764270874,47.980796756963564
1380.1092847087693,1592.1827103810704,1381.7438482143536,44.97380386608397
1393.798022583151,1591.448906123102,1404.551463809495,48.29308638581982
1403.9042075987434,1587.940933397648,1407.7272837791938,46.83272165524131
1385.5436161068408,1598.6333193373619,1399.227147625337,51.607005052409
1385.6427362765744,1587.9074736237133,1423.7446628328398,43.734145896654894
1405.1568182232484,1573.7464566069345,1393.1706489368482,49.053671551512124
1399.2702147264433,1564.0802217998248,1396.3891283661312,46.40876285521089
1400.4919549311737,1575.0205268943864,1396.049330938728,44.57427242833994
1388.6225699794988,1586.2825899290133,1399.2381238870898,46.209567284652515
1396.5439892869135,1573.6783407775406,1396.7127518703371,47.4162188620062
1386.1365028359755,1586.2867736626285,1385.9318945539512,48.556200004347566
1413.3529761668717,1588.7830026740085,1394.5345170376352,49.58294643219826
1415.5287400208563,1596.6635886254037,1399.0237930422593,49.13283963305651
1372.3071820664286,1605.6558993767796,1412.2857208206199,45.551926968943256
1386.0573370971138,1581.560148369577,1422.0224327337291,48.695247038399174
1377.5520611736488,1553.8444686970468,1413.3547389785065,47.58692743568131
1390.2496409838966,1573.0979180636161,1392.246209703274,46.01809546860652
1398.7484304531447,1580.881251348132,1393.0419038937384,46.68213410978378
1378.255321704522,1543.284624876458,1398.4067142249064,45.93523601083292
1386.1721028031202,1607.7732904020497,1417.8455888885358,47.055638512904686
1384.9406394187774,1582.8475582502094,1398.345759478181,45.90551317655882
1403.1090099409842,1587.6270566916057,1386.7249250946256,45.45800889017384
1401.0401650555439,1607.3105292505254,1394.9882286304696,47.71867869167416
1389.1739366999411,1567.397143397153,1407.570560018194,47.94309582238945
1402.652313082091,1591.4808386176805,1406.899402768961,46.71860449986258
1391.799798731191,1577.8027175379614,1397.9978333350834,49.05147695590396
1395.9251733451092,1576.3182626596815,1406.8341467356004,46.60935412025733
1425.1017813544781,1564.5561522439125,1377.2682779745317,46.54583818231169
1420.1069157768552,1613.3120642737306,1401.038292350327,47.990733473518546
1380.506281446086,1572.4899991984885,1408.6068542136863,46.80136162258499
1412.4459862681877,1593.9892849379141,1391.6713672484545,47.12719659353922
1412.1709483173738,1542.4998522505612,1391.6366146350372,43.2193422940714
1382.7760506687107,1603.5997705937957,1381.3355184723653,47.02506107710696
1412.2816646563228,1601.0442231191412,1415.898955948107,44.25920609379311
1423.0689787761883,1581.9486822059462,1392.7984602297843,45.168574143501694
1383.1618279063339,1575.4611506772414,1402.410432778621,44.99701619186674
1386.237457684786,1588.0000001122714,1406.0391704148337,45.43612526969926
1415.2649220026526,1625.775813217606,1415.1206794914144,46.17671921055162
1404.0724296623848,1544.7352660219303,1398.4610222601436,46.27026107668177
1408.2721441285928,1595.6405477514825,1394.6057020622159,47.99641280638569
1405.1088382460075,1561.767653956922,1401.7306764857055,47.333581721202044
1405.8604388139222,1579.6016320740055,1412.840802765423,44.14838835677302
1380.1029180753337,1575.0423976184268,1398.298274685992,47.124941956320214
1415.7097655993218,1571.433634844045,1390.4513091841593,47.47738286987514
1417.5438498864166,1579.7906974189455,1384.5924219168464,46.50715022562056
1396.5591388389796,1557.3165770944443,1387.7870261539476,46.908671034639944
1399.347845752792,1600.5836087225593,1408.6439149740665,47.285465188095586
1377.0333874616642,1544.117129776028,1396.793755236932,48.14689939645337
1407.7138213402675,1590.795290256567,1393.924790900793,44.637680018805895
1408.5808616257123,1573.4692829493085,1392.8403277681605,46.633524442040525
1399.0671347450104,1556.581502123851,1400.8504586020017,49.262504147086595
1416.8653003980576,1584.0476674119739,1397.6054490623442,49.124991962446934
1394.988841535301,1548.8609782658705,1397.2686785628075,48.27640539166367
1408.469088888404,1580.7942764343927,1413.4932392781075,47.805237025933515
1384.7050349196184,1551.542461843769,1415.3801628186163,49.48195212260313
1399.6467177368863,1589.2254416863566,1383.8997832709101,49.87677200241
1397.3846861314576,1561.5128533273926,1403.2759273114295,46.80638001792972
1403.3796188306142,1570.9801196594137,1392.2313790137862,45.54585133506752
1394.4570960674996,1585.8789877588633,1397.517488861389,46.59456152356326
1398.027911064925,1564.5491577631553,1403.0927838512669,51.64504327065808
1412.3907075716227,1578.840720006634,1397.8728008306907,44.64596548591221
1393.4485364414268,1549.723389975103,1402.3045988062763,46.294191290705875
1375.9013434889198,1592.617512071923,1406.7297020603191,44.88096327126105
1426.2437585630812,1615.2982761110154,1402.9457680054031,47.18714579431608
1420.7218111803572,1635.8441773581992,1393.5316369583238,45.1959634566577
1380.6160595734157,1581.8233629333288,1393.7080039302969,46.836873465749576
1410.3456170786778,1595.7640828159438,1385.6029470338196,44.074857259971864
1392.4553784417299,1544.3874865418502,1391.4607970247928,47.92643099762697
1403.9523082299659,1610.0546865261117,1419.6206836189854,48.83351788470196
1404.4133619352024,1595.5245700944822,1392.0799642590475,46.42408456690481
1396.4838829952553,1570.3213311009754,1388.0662118755617,46.79730498938645
1388.2435150162041,1604.7436160057803,1403.1992786184478,46.75488915390303
1389.6418842152561,1574.910478467093,1398.8963524070814,47.27136601283754
1386.2571212677813,1570.8394963397088,1398.0440676315077,46.94274561955036
1387.5226668765433,1589.5066985085498,1414.090459664121,48.15217542864604
1398.9923256492598,1558.7329100033937,1405.4912667555836,48.849558700176416
1389.2636001633387,1600.432495287999,1394.7000706829651,45.778893166261724
1410.2307809856893,1558.8802037614632,1395.7552408240822,46.53600726083855
1422.3086923300389,1558.9989042035363,1394.9741348609432,48.352429173387115
1391.2992013794494,1561.8062042318334,1408.7473962158026,44.86749642791145
1403.5910675080306,1595.1900007503225,1396.9185237054687,44.043918077231645
1407.495276654544,1567.6644927696059,1382.0684649754585,47.33947392934772
1407.080034063789,1553.0400843126565,1399.5168032126567,47.744519616605736
1401.1393290187414,1567.886400001284,1384.6297399887208,45.91654971806961
1411.1402362753959,1579.3591525863903,1421.842306017549,46.132023418819315
1407.23373429021,1556.3805503267122,1390.3433208615277,45.859711517388654
1381.4350636650906,1556.966377819313,1398.3813523464228,45.69961214098335
1413.0373409658391,1622.2259266819917,1402.5820273470113,48.0402437309069
1413.309362559001,1562.7886919237224,1397.1134183932077,45.22925226950354
1388.5507084373212,1573.5391526245398,1397.099695985338,46.601715707849976
1400.569067531714,1572.6552599840143,1404.2182728616087,45.64199574872772
1410.249934892166,1571.5728638445912,1415.2621595879627,44.817066536148175
1396.8602927063096,1592.426934799382,1407.675090818173,48.305267262120154
1416.09467071649,1598.962859009441,1414.7851387857354,46.220262166739694
1435.4580874192905,1573.880911369368,1389.533808919065,47.282660120631135
1388.2102095104754,1555.270434268153,1403.1736263325536,44.73788618029849
1379.2843309526934,1605.488804556978,1401.5524605205828,45.887090819365284
1404.557278934073,1578.0931781760664,1403.5109129167674,48.13413182104251
1410.823437576892,1614.6064362971433,1413.7623197063558,50.88090718376797
1396.5370043923285,1535.0882820486968,1397.7921085020794,44.035675903414536
1421.7989099498154,1583.9080644256665,1395.9449663344592,46.69833830706586
1379.9209130041513,1618.3721266775242,1405.3398079741867,47.61842089721525
1410.393779345474,1572.934717291237,1382.2179727243415,46.075849770141076
1390.9120876886166,1575.4901315333072,1397.6314795087783,48.274282980491186
1425.7906685931096,1585.9102338318069,1398.6580231071455,45.69990099400953
1429.8877302975218,1568.8240836223008,1390.7964138369307,47.23077149032496
1388.5001511832497,1573.7585613589454,1410.5705901135657,46.21689214325246
1391.7566429613712,1573.243698116172,1389.3775968265672,48.829146624432155
1412.893818304697,1567.4515853114726,1398.641269516362,45.98545324544659
1394.1930402531573,1604.577131004011,1402.9315722532297,46.472189305570225
1399.3188317310164,1589.2215606459288,1413.5345156147612,48.418533556245734
1400.3808263081362,1585.012564642066,1399.8944356511915,45.45794201136071
1371.204902657035,1596.1714201378024,1409.361535941282,47.10312508514536
1399.7924338085863,1574.7128833359307,1407.0059539727713,44.266198484470095
1389.6540833890374,1564.515923632942,1401.2345755616914,45.368099812056386
1392.6031576640034,1567.9475139077088,1389.1048659172654,47.573196913836206
1421.654480052032,1580.0356608220923,1385.6541913909566,45.51395373569565
1381.1523965858112,1558.815765832542,1401.065054014192,46.18314060226431
1412.1980778012196,1569.9947796682666,1394.573031260974,47.739629603071904
1395.815556045023,1569.6776671625712,1409.192610916813,46.131220788279606
1395.8035974725624,1622.4911245965802,1407.4585651809857,48.23426310982454
1411.8555784407756,1524.5237012013217,1398.1538900556295,47.323494181229094
1405.1007694185334,1576.4076055718874,1388.4228707605873,47.65352466788676
1408.559194958293,1614.5138758562955,1405.1073554960728,48.8614483981078
1414.5227699079928,1582.4368892826492,1389.8205055386486,47.4797345939211
1395.03037425225,1595.068349468422,1392.4153607706914,49.308270935704016
1390.8164489823837,1581.9965263019953,1390.2058426178485,48.366893424556736
1383.722742101633,1566.6533323756703,1398.6149897806004,46.21482135524832
1387.6188420503156,1535.1616813098217,1411.7019233407057,48.93972211253191
1444.2364163796308,1584.1091137407261,1399.9495912977648,47.395799031354414
1418.6701937110518,1564.4878679079522,1395.567813075723,46.40798043700924
1379.7338845068796,1563.993291876694,1384.7438506995475,47.417578542981325
1380.1631306488464,1570.0202548804177,1405.5212458472984,48.66849023658539
1407.2279909257775,1614.8972281324698,1392.1959539407137,47.682567641363335
1408.2089719606695,1628.0967508450794,1401.175176191581,49.733589248827094
1408.2332575297605,1584.344158750568,1396.4578138408335,48.62979583684823
1396.1756630966945,1570.7046555217655,1408.3817721959945,47.784740050103245
1398.1181860999566,1556.4554716509758,1398.4276360797144,45.460897875888264
1404.9181928623905,1589.3708032309214,1399.4107364547694,46.73040122898482
1401.2883950944,1615.658112001303,1404.8574714745546,47.10749620962628
1366.7104944087869,1575.0531922594969,1421.0694018226318,48.04494725182662
1396.5530055413722,1532.4200791849355,1408.8844693035855,47.955999561908286
1387.2289034860953,1593.4009934363105,1399.113938936514,47.25431061532743
1402.6281712836276,1599.707994229001,1400.0319799061529,47.18052487306576
1444.7788850390511,1548.2830871922831,1394.7514053967557,48.0806853426141
1405.5122249821145,1583.5296836732591,1390.500042964803,45.71212066155502
1395.297054707414,1589.024520322722,1394.4724921293368,49.54327372887479
1413.8270225296587,1578.5378539598212,1392.2785103628805,43.92924967225479
1407.2403183081383,1564.184581618293,1406.533683837959,49.183114223258045
1406.3014173567776,1600.3187444712712,1389.2880514213102,46.93222170736226
1409.1027588982352,1571.9324050806263,1413.3321056138004,48.50386972140739
1430.848153472443,1550.2962767460015,1407.5204638361884,47.54576065143892
1383.0366734701113,1539.0105102866064,1400.2050172936767,47.519051616366205
1407.1044811521717,1605.2169903999861,1400.0031861146506,47.83138171403978
1386.104283050277,1592.3332795294223,1394.4271869038544,48.21358143363167
1408.3326896951337,1581.7594709425834,1402.7008441134776,46.50675376011914
1386.2197023277085,1571.194507262984,1410.880924632086,48.55219869578936
1393.7394977959236,1569.4200317159375,1392.968435377442,45.37329406463182
1395.5736512864314,1558.4852670311677,1384.6660791108127,46.99200414001081
1414.6372507901706,1571.3708871088022,1407.0321825485673,48.253954886408415
1413.776816659136,1537.5982556975964,1403.243659742438,48.492526369423835
1381.3142393533042,1565.2787269306298,1388.7980119855881,47.6911832723921
1400.8240116649977,1573.7812496729782,1392.6660862908589,46.4099113430664
1389.3563021787625,1592.1976009438083,1391.4089572594985,48.345061667553054
1381.12242633987,1579.2014707325327,1392.7546773096576,45.99595064132187
1396.7447442436344,1595.8984622775113,1396.763172459588,49.62711361062337
1395.3727581731628,1606.9827021022686,1397.3345269571926,46.872993653750505
1436.4007472951828,1601.163401876482,1393.4920634493153,44.69056145869106
1406.4943973804104,1589.4101969475712,1392.4183618050008,45.20797479797517
1379.3357374886864,1580.2372535836157,1397.712156560806,47.065465455319384
1391.5283899374358,1560.3842398317288,1401.6769153485957,47.209737906989076
1415.320749431441,1594.7988810275863,1396.8370346363515,49.95448502742664
1431.3266415930489,1613.5949476444305,1411.586670233413,45.44225099357866
1376.2102503164306,1586.8421207930085,1405.0808771442078,47.0591932989559
1371.8011342229142,1618.3451829685225,1384.0915414314131,45.41086788937692
1428.0644776305767,1549.4885658387784,1405.2372776541386,46.26101772017989
1405.8442126605635,1556.9167323044092,1406.0554398258557,49.525958045104005
1386.9756090218546,1597.1040301549654,1395.652650318758,45.29549566526602
1408.0194362918364,1585.285804203065,1385.0480241269684,47.88056363610175
1360.4637839147467,1606.2756435314361,1400.0806675941114,47.58936103852159
1400.0506325989575,1579.6905671854652,1399.9229134851776,46.96374286046269
1404.9173175926462,1562.6404915494334,1388.7835376346682,47.779154934787606
1413.8640520930674,1575.728135155899,1385.4878078374006,45.25996942708507
1384.791560715612,1549.3463205815253,1399.1244645354657,49.484483761705334
1401.2853074210504,1557.4281865380592,1397.6692280794919,49.88726824268528
1386.1186306091063,1599.4488799583603,1395.827346346776,47.07065704663897
1403.8307563351148,1597.4557482893922,1399.1658926525345,50.63465919592033
1386.5698051645547,1587.2600856961215,1388.9722362617968,46.40145810267512
1393.8784874125968,1545.5784495807907,1395.651793871339,47.600647990784424
1385.0627690781466,1572.8319284897423,1405.3332503061436,49.14783359566177
1409.767043627355,1555.500002226799,1396.500299196487,46.311493309665636
1412.87676674985,1603.5306650757552,1383.2802752820744,44.92767641168084
1396.4806914506387,1568.325557328748,1395.2730772227642,44.58242440157172
1400.5735699244003,1558.285045784369,1389.2984153649313,50.09123984585399
1378.2711287804968,1580.5959233024284,1402.6713629646174,46.20646302404183
1395.5048502798982,1567.1969108633077,1403.1883740338042,46.72139485487225
1399.246930744374,1609.674878204074,1383.4122537491396,45.33085388251842
1439.3118963654497,1565.3037820493162,1407.590129705822,48.422508918993785
1383.3204946133876,1552.0154348155074,1388.8781369872145,45.82766021116312
1421.9626585812866,1536.9417296848496,1415.5918229048234,46.263105458508015
1414.9528816019872,1579.3842699517318,1399.5122373549939,47.44928062912424
1404.209546067352,1568.7613977228414,1387.5360650146083,45.40393110913164
1426.379307262927,1551.4219078697654,1388.5801392930732,46.73212659572866
1405.581582089103,1603.7845292251156,1403.4809529178735,49.1033143842549
1405.837387935019,1593.3449029485848,1396.0870011010163,47.64238159627529
1399.2031902047368,1579.4356424212554,1399.0334609038186,47.19581343864254
1418.3535332362794,1607.2865248834173,1416.1278023269704,47.322297064195794
1416.4470385071631,1593.2507206679722,1393.0075593577092,46.41629735603515
1390.6148406875568,1563.5428819696313,1400.599628576957,49.99422847963239
1380.2112920810184,1559.2155967201847,1414.1984448737305,45.7817643041989
1396.955290439065,1596.3596308890772,1402.705134754664,47.316389242945895
1387.9994215340353,1587.927339129347,1383.93397264642,47.17253834951421
1399.0471313807698,1583.3949553594132,1405.0538901173213,48.513143760699705
1418.561572020262,1563.0700439426219,1388.3699714221655,48.65476090819046
1393.1404751736982,1592.158951340115,1414.0680752873297,46.951971793269394
1399.3576492803263,1564.890022337321,1391.7713239500201,47.435999739669576
1400.870341022126,1577.9602669081264,1429.6950950774567,47.49280213087092
1412.7264632330794,1608.9388829277395,1414.6737598832767,43.59178751664409
1366.2966599902309,1566.783315283797,1392.0338743037203,44.616515596283335
1390.8994955785206,1548.5402148585429,1400.200138050016,46.09240446391704
1403.1692553841922,1558.9490561625978,1407.5364428163346,46.157601985434695
1418.0011843464029,1599.8859765337525,1407.8366047422671,45.2010763670538
1392.6214632874069,1585.0946227476043,1404.423362599762,48.12437385706045
1371.8517094093718,1577.422452426225,1412.521590369661,47.003177631526206
1409.295671689492,1569.8181238937686,1398.7703105336564,46.677958178919745
1390.4695641676155,1589.7071981510637,1396.3328233142397,45.11576708823892
1382.1550001136445,1563.0179029801955,1396.5313601207538,46.933182703632816
1390.6348191543016,1586.113311372852,1408.5837323197213,43.059972866002084
1397.2321196351622,1565.3749086237408,1403.6518104030265,46.75556553379124
1390.9288300319267,1562.046812294499,1402.9128366569025,47.094775503211636
1366.9165091435138,1567.2502513034997,1407.952342492572,47.362872476482245
1413.455992953307,1572.4918510703208,1379.4894759214615,44.65384735478108
1419.1231256191809,1579.023403281326,1403.1006882387514,47.33722510503721
1409.7728298700927,1584.7091159022223,1402.185688888737,45.43785309520319
1382.9347149436278,1506.2326941714311,1416.688080813007,45.7812952515615
1396.9776269907873,1563.8469888450647,1384.7141201773634,48.076897078734
1399.902180271558,1572.1686004528792,1415.5718663237676,50.02117058503961
1408.9819158434286,1610.1012407721666,1400.7540912892466,47.07703813820402
1410.025107330771,1558.3999478323574,1404.8898953066005,45.77435681203965
1388.9873930183226,1583.2559323619982,1416.7591878760938,47.283005671264995
1401.2299333462033,1609.9006061947168,1405.6076126800558,48.40854373624872
1406.8592060692285,1553.7406294010545,1404.0036828946256,47.931496348809105
1421.8373348322016,1587.879504517288,1402.422911858023,51.11466930869562
1410.5675980973708,1563.9545633213097,1395.1652186500562,45.926993646358
1411.8358503106328,1569.9073251542154,1399.7151087548962,47.37834721987895
1401.2573994189404,1563.9377833209337,1392.8448723387726,49.3233769301273
1421.1568871780526,1565.3628538316823,1399.554331005745,49.2292388555278
1406.1464419393924,1634.4382429581299,1376.640693029449,44.07488311021343
1387.0836813473964,1596.8891174414334,1404.2903956756754,46.994963569940026
1421.0505495518778,1602.034757235724,1398.7826274621636,49.22678114877305
1410.4685490880854,1589.83986973673,1396.6379626333323,51.33596448559871
1393.3543396830728,1547.8748642319608,1402.1975808394013,48.05569382562623
1392.8076054890114,1587.8991594064662,1385.6643607703456,46.448205059455276
1404.4486331771113,1601.458592290147,1419.292699966213,45.48619527134392
1406.9477719290137,1562.9320105192178,1398.972325385124,50.328115036296275
1402.959383984468,1599.3065333432226,1398.541555670278,48.09311237969864
1404.6696301016432,1594.0867241970816,1390.3460378986708,45.72789960967187
1425.4993606186456,1617.0408008962734,1400.2394638244925,46.69526545049933
1416.0731472835232,1571.6443397497276,1413.8695989027328,47.465279775243054
1402.8595338689754,1558.0477803544854,1410.3591620943203,47.815709980832175
1414.1196587115123,1572.7674378125491,1408.5443775114056,45.65057201368131
1384.5121414470868,1608.7114198632726,1405.4639895166727,46.07871437281176
1405.9689057492021,1543.4318823831607,1396.414574724374,44.52059815644056
1427.1395952459966,1538.6324856913793,1385.498368329633,48.55964343440717
1396.7293115691143,1581.7879055786323,1397.9896122813336,46.48757229984452
1387.2854910707138,1571.148214144517,1397.6412853546633,47.699482473774935
1390.218666671104,1580.1545578635137,1410.4879443967125,49.13338776286449
1383.6555044398642,1598.9062354247174,1403.0939044245981,47.32980521356092
1388.2285713780846,1568.948613077623,1416.1231152790356,46.830544286076396
1394.4423785211495,1542.5398833813877,1411.9748854003817,47.2908822153259
1378.9164947123204,1620.889631143999,1395.435043904959,47.09479040577534
1400.2342750092441,1560.0554342512244,1382.0487080338014,48.86924749681692
1413.5341576067997,1558.819257559758,1413.8557523394147,47.46625759630818
1386.3836572977962,1602.0744002744518,1413.5938522323074,46.18339847063163
1422.7892588546265,1572.3102175791696,1386.3378840909777,48.571773585334626
1407.661881327914,1578.7322029593038,1415.092400198275,48.845726534537526
1415.4587087843609,1589.6558024812064,1403.8211717059253,44.9925040597693
1390.1324816922179,1601.6716620621999,1401.6068549812564,49.299175827152155
1412.8178784059992,1573.3307861363646,1416.1478325424732,47.547067659812726
1383.6209914940703,1610.399040118286,1413.4468517323062,47.4249049252199
1413.3537125125476,1537.284003025304,1406.5133095199521,48.50993694739477
1402.577590096903,1595.1957447390616,1404.73217065812,46.14953541349358
1408.2987682997718,1563.209448839647,1406.1639429053037,48.43124677128639
1382.3660809156272,1607.4454263321597,1395.9994256611747,46.43483679539322
1386.573952365851,1582.8408895766108,1399.4489855026768,44.787573980434495
1408.9584232738007,1566.5418933598119,1390.9768284540546,45.5033655813396
1385.774779936637,1593.2568218604326,1396.6696022426108,47.85053274935484
1406.948094381487,1597.863766944145,1396.3336612133107,45.581797490008015
1379.4929329030963,1592.8378824571728,1393.6469463037834,49.41511418478447
1412.72261319,1559.4060752073387,1401.3674650264845,48.783925180159464
1381.5121502784723,1570.3196575275583,1396.7601914929942,49.00015874904945
1408.284499065193,1579.9185432575714,1405.0223472035198,47.18716786951612
1409.38446400469,1579.1748069469988,1383.7767938670625,47.38679242594244
1389.5484227235563,1594.994909508767,1398.866452058927,45.20943221863358
1408.7303985062708,1539.7019753498678,1401.3155164017749,48.493675265236234
1403.9066339500034,1586.68654109107,1396.8937076016311,47.56975018255563
1391.917372157109,1574.200372911267,1398.2760730019077,47.85095843793839
1384.871679738857,1563.229987672321,1384.1475398927014,49.53246771717932
1370.5606146249113,1565.150264444608,1403.564771046695,46.09105552407873
1405.2447507094953,1575.7092467096406,1406.4760598256707,46.810787675184024
1376.5279584295693,1507.9782979108097,1404.9353729420377,47.490006382313254
1401.4301629916197,1565.974208584169,1410.3872705944218,45.59684689181194
1396.0482767587662,1562.483703507074,1402.015296057825,46.71860176808474
1410.187141631573,1590.6556641864524,1404.7868118065094,47.73942471570045
1395.469317507652,1563.8894663497897,1401.5609073845685,46.51186809294075
1395.0582832047937,1575.6977239965902,1406.875507195925,48.96348411459367
1410.9780605643243,1610.8455325532261,1384.2277036386788,44.73361315727451
1405.0258704362618,1599.8870303963085,1391.06419032022,48.684156860350015
1404.7423393577417,1598.045427998869,1415.8689965703309,47.991778212224006
1407.039013847128,1570.002551391783,1375.395641779038,46.146757118665114
1376.9664181518933,1590.860645585793,1398.5982207017466,45.613387147655004
1411.3518301998047,1575.322043990928,1411.7227495960806,43.879576074136324
1409.187031910204,1576.0781357864612,1399.0673933445823,45.807237481379246
1384.7497530713526,1588.193706874931,1395.949889285493,48.57076498250449
1396.338792894887,1568.0601282315813,1401.294216768153,46.915871410581985
1399.4103906855855,1609.860062088864,1396.4687981999755,48.74447132058776
1397.982548233974,1576.7973972080413,1400.3084949275694,46.070193394063175
1405.007899498528,1592.3672113251932,1393.1661896347987,48.06065924015984
1421.4705017274678,1609.1120095851459,1411.0867441995572,45.923752096873365
1416.2265009150924,1600.6330754915034,1414.2326492106565,45.551637490685245
1380.3167120985288,1551.8216179461895,1398.6660967788837,46.839309174243986
1409.3310498545907,1588.8979179001976,1386.1351057930876,46.00255023302
1419.933999793031,1597.014387889213,1394.761568296866,44.68576677644418
1405.802127810338,1597.837260443215,1398.1601133989705,46.72652794892451
1416.3647063777894,1557.7341033177074,1405.055388769032,47.15965312464694
1430.1840566855115,1566.8592952596534,1389.9198677682932,48.9025379172441
1415.3556431916047,1599.8911647148325,1392.3083768135784,48.40520851569959
1403.739628934626,1564.764792586347,1405.106761378588,48.829914798849245
1415.6763271112713,1574.0060788667138,1409.3890883203956,48.08053624759026
1402.1733174964534,1611.5175161900395,1393.7840595482933,47.49891913842496
1400.3585456492742,1579.0440149923043,1386.66782946049,45.156582640292164
1394.728786464294,1565.4645172433231,1432.8411820128788,47.224808296902914
1423.4512003824816,1562.447652862742,1407.8330423708871,47.895190665996225
1387.72357001087,1586.6543865917038,1397.3299623823298,49.18615692405565
1422.9855158701716,1553.3370398304558,1408.6903127553085,48.02943281259772
1407.4979618561056,1575.0532807220716,1398.7554337028557,48.86057515190813
1379.010407377971,1586.6646106998005,1408.671568891002,45.45200316295214
1405.5147393948714,1605.9829964109533,1401.5939319777622,46.51037356077786
1368.4996023852257,1593.3509616074,1400.9127189816757,47.644026070491904
1409.3826202524656,1565.7186976403564,1398.864181317692,48.74142903611384
1413.2784722448348,1603.5683863512745,1385.526186665369,46.78215703124162
1391.1146606652192,1574.0096992490505,1419.3809489939315,46.87633106127627
1401.8532154393338,1555.285939559012,1390.5846607973226,48.03071045900447
1429.3123615062543,1576.5591728146906,1386.399764236894,45.31119375928231
1392.413799436071,1608.7633840229141,1397.8714011724364,49.41110682473514
1384.116386194151,1583.3048010012985,1390.385281864895,45.68129586033847
1422.224951036939,1580.2504372865958,1399.4828720943972,44.12211586466105
1429.4388078579618,1612.744232894057,1406.8776384856176,47.015100512783874
1400.0554350777177,1551.3729030589116,1409.9530290052921,49.54768805356335
1415.1719455311254,1554.2880177189445,1408.1473072162169,47.879679695500414
1420.1221387329633,1547.6830705806633,1396.9436794521432,48.12663581450545
1388.8627365119241,1587.4529637296012,1400.4959182766158,47.06207864346067
1392.720412469482,1583.3298625423024,1404.0787905089749,46.77143375409324
1418.463117697321,1610.8547273455956,1382.4221257605793,44.68263594561033
1425.2752141806277,1584.8695015427354,1405.7058470011987,43.61092061314372
1408.4432129026154,1571.916856810414,1385.4270071241617,47.294408507661295
1386.8027846974692,1580.0358974575622,1420.403465989065,48.96882379151034
1429.8059166754915,1582.3541483692193,1395.9548491535832,47.5162005572421
1392.0354365328205,1546.5647745334368,1398.151248228054,47.93539929057802
1394.9729332824281,1634.206632886698,1392.3029290076215,49.37557631845931
1405.1350675173444,1590.3974203620382,1393.700299681443,47.49315027716159
1423.3124063107216,1584.2001661604518,1422.7409356914325,46.81601734953857
1412.8096396482833,1592.3032796855716,1409.4036968862329,45.7722127915249
1406.2229825054287,1594.1882196117322,1384.5079755485217,50.03331884445813
1406.9493279517717,1577.1889302899513,1415.0421290068523,47.78982166873052
1400.652720029652,1567.375177275186,1411.9324227514144,45.58459742612101
1408.3720927177776,1591.989013726434,1397.187875377117,45.24324849829814
1362.0565988345854,1587.714216810629,1403.0669694202984,48.87959559039337
1395.550888113953,1563.8021980182118,1399.8505592057893,45.44383745538751
1403.6198290237517,1608.3807122273454,1419.7257990444693,49.78075123625333
1382.7347887457074,1585.8670407264597,1392.0370981100791,42.865305804363935
1405.7948497671734,1594.5963872453526,1401.4601060977573,49.13389279668497
1396.9329316852081,1607.8384177535984,1395.718546690072,47.73034221674295
1426.3321354747322,1580.4377764232968,1385.6695959538215,47.17789163458531
1423.595295878223,1586.3390401396823,1421.9163825505498,46.73681234743736
1393.0129164632276,1596.2005447701224,1388.1843342089758,49.836094772891045
1397.7374343264996,1565.5027783239989,1402.2012918748778,48.0605882876018
1398.8907865158742,1581.08103325692,1382.5929939361965,45.64519458665682
1393.2251078576057,1582.5109717330229,1396.009294607569,44.42163506595668
1402.9253747604218,1560.878828966332,1404.2196882143346,47.26594581972096
1388.625768966686,1626.3527357734777,1391.7526602049763,46.99839329969388
1383.040769975937,1551.854131130152,1405.8680185073565,44.72019794393674
1409.340668358504,1554.0379219262568,1397.3095890811192,46.9169097117765
1409.442943763327,1606.2845315140717,1411.6008251239862,46.1390980503887
1387.9352636051,1594.2653250159308,1413.6176091334023,47.01393510246004
1413.430331461439,1559.4807036503844,1394.1325523926998,48.0888854174726
1390.52633406252,1592.145780302034,1400.7673285939295,49.238914921196056
1403.7974785705696,1609.357008899946,1401.8345422647224,48.36333355455393
1412.3051601891868,1579.3947388480603,1406.193492954347,45.91783887525469
1399.4958115294444,1631.9764580014917,1400.1438199624426,47.553372693243794
1406.821113682117,1545.5187637826393,1401.9021095934283,47.094660682238036
1392.2535553416865,1593.876469077182,1397.5659352520488,45.001806568053645
1397.0530012485785,1603.3305667244201,1401.1523986697202,47.59734917703841
1396.912108536795,1597.826878032105,1412.9794019353512,49.78500850687657
1388.8013248018965,1575.912885467087,1406.4608324121186,47.048639906280506
1397.3483875532634,1574.191170359777,1407.0125563944337,44.6087259804119
1376.7707255170437,1588.8829034217451,1407.2307032413557,47.04540300666293
1392.6326937928684,1596.3150897330413,1398.4619122211896,45.179431701540125
1395.7268675994549,1592.0494687256473,1403.1882704357954,48.29540826032943
1396.1573037125693,1600.8011578158678,1389.1482632166426,47.78729748758769
1396.3775383119382,1559.6226008586652,1412.6880765631695,46.74363491978789
1399.073537002098,1575.4445804175273,1372.1703956765678,46.503253601216265
1407.191622771291,1561.199681357525,1399.1285160766458,46.68164854757668
1413.1177561119878,1572.277744478277,1411.4089597715029,47.01241174151348
1390.253521597276,1600.3044178362861,1386.3613206637067,45.841647467987684
1381.9519871691627,1582.1596784145045,1403.9977991761684,44.91837037849785
1384.3693338163534,1632.1371832629954,1393.1923355342096,48.70804842004197
1392.6919561820762,1583.8681273437944,1396.3119673481112,46.42189853525456
1394.7211802327524,1581.1938376115947,1409.4594096063943,47.250564656253715
1388.4500590070381,1582.1236583888044,1401.9805692588516,47.42792292675124
1380.5582500362516,1567.2438261428013,1379.6564413211563,47.48303071948282
1393.1581875878871,1578.8432677524481,1390.235744602684,45.23927300435236
1402.7213993017097,1602.555760542233,1409.7533573488877,44.48623975317223
1408.9254419875335,1582.2794133625555,1404.48942718193,46.11696121296201
1391.6386542033752,1564.1308054023307,1417.4813557252428,47.59356729862543
1393.8050326678485,1561.4983075904272,1416.826475940133,45.90807519878853
1386.0995253672904,1570.995962166683,1396.5775486985322,46.46761796945115
1399.5284124443783,1581.4772686882177,1425.032378050695,50.19094612062435
1387.2735704871377,1603.8717307095253,1400.2447966985192,44.231864172793195
1408.596917198618,1553.1902271726713,1390.3733146559098,45.86744900613425
1373.2120026209884,1573.603474442225,1393.6636013408943,49.84490610286089
1394.6055549132132,1582.8862003887016,1377.432748947106,46.93310199200717
1404.5166100878762,1543.3258846474114,1416.070190082493,45.94102225175163
1402.7575177448375,1563.3280343406718,1415.9476198904385,48.75315337551668
1440.3955049597075,1566.4022292052762,1389.8449256118668,47.082845654721666
1405.2470003685187,1564.08059252299,1397.7211571161808,46.47753740743399
1384.9391810473699,1583.837790900433,1400.9560754411257,47.28855339055627
1398.568036293664,1576.788807809964,1390.3964694785789,46.01283678592585
1373.3563049980032,1568.8942779479792,1382.4489796872883,45.47376340566788
1398.7910037605486,1588.5592525310526,1397.896423962231,46.829604608547875
1387.5041591449885,1614.461494352925,1396.7892057054075,45.483504559885986
1413.7308541334023,1612.785130334835,1396.1158875901122,47.016039967694724
1391.756895881067,1541.5445645587533,1402.2271606260097,47.531609851211506
1398.2485112630714,1591.5414436767028,1414.2951965852599,48.27959068407742
1390.466632378934,1576.4395341987233,1396.9690728030828,48.69188747827524
1426.0827702778,1583.1031068573072,1401.7044299872136,46.39139524755162
1395.1813585082314,1572.0343393291491,1407.2687052374495,47.7491219119086
1427.488355652188,1582.351772597744,1405.5414292651276,47.73878516930954
1412.212276431774,1583.0281479214404,1393.8557647555215,47.491728073723976
1407.2310009100308,1568.4209648530216,1400.9637712311403,46.28081088357431
1405.5309972097627,1562.0726490434963,1405.4753982016905,45.457898281303834
1405.9069594732437,1571.0260863476103,1388.7164866248922,47.75300283359984
1371.0849113098159,1584.6851852891352,1412.6353901079651,44.43970615671043
1395.8167490877386,1591.9799268336853,1414.315889052141,46.59824085114753
1412.6773695677648,1597.066979546803,1392.772197445555,43.1695534765271
1399.2665422478883,1570.1161995386617,1401.9367001834817,44.9953963649626
1378.9221522979465,1585.6768913460548,1406.4227825667103,45.684299092328864
1399.213933241338,1599.250051839066,1394.5438584367125,48.645086311443926
1425.5615827438323,1603.3118979028825,1404.816138456881,48.0321620366064
1418.7033757330207,1578.8233429173695,1401.6325562629218,46.169097974236635
1399.0699398595095,1575.5813655012078,1385.320818223612,48.09405469269463
1414.2717391558713,1583.8224846767278,1404.5916131597855,48.33143444507059
1394.5023946944793,1557.0058505420518,1388.9985758372895,46.75900272743792
1374.4419261975993,1576.12780977929,1409.3920285166205,44.923432783679466
1386.1330101780568,1594.8917279694626,1393.287889248661,46.688131534900826
1423.443331527623,1592.838942588874,1398.3871456633885,46.853161392241795
1395.8901037725605,1574.5946479127222,1413.7227891344658,45.15131841375466
1396.3492403093746,1584.3543640217433,1404.9638164652883,47.55057018939495
1395.5024270558768,1563.5069931941862,1389.2052608042545,47.419717781453535
1428.562048843595,1594.0698429645006,1389.8508342920093,47.66756404984128
1424.3893837304308,1578.4435712772706,1394.0069721137627,47.41838464575117
1433.281703501722,1574.4809709660772,1403.9464408335666,48.09476455267247
1397.6143218439993,1572.7655232781324,1403.5829981493278,46.73100795819045
1404.4343673312064,1578.7421226620029,1391.5689769533712,47.30267766105643
1377.250361758688,1571.0424471013607,1388.3279051438565,46.4033895736317
1422.1540163917741,1593.1628607200512,1402.8158340508583,46.123251176567074
1382.483306730981,1572.0943290396765,1398.1813993420983,49.00737444614311
1403.2516334564395,1611.8592819205476,1421.5721588744773,43.93434694771025
1383.5404620855074,1609.3042100696275,1400.3660365656308,48.3151399837314
1391.1669975989196,1562.1691302029099,1418.1425282770028,46.06918868683151
1387.4410635342545,1581.3940853885856,1388.2961640189567,45.87494273353532
1390.8818710898627,1566.9868675732762,1384.267870604383,47.39236622609811
1391.9131594527653,1573.4670487362278,1388.7991486747446,44.765585581473495
1391.775968076124,1620.0485493528959,1411.8912978145347,45.77596539208069
1412.5000086767045,1573.848571657684,1417.5610158969353,45.726290530230514
1383.427058104062,1587.2045207415485,1392.1782054604737,46.66790261272236
1403.308121405208,1590.8264258801655,1395.3943397024045,45.79379346775897
1418.2693872845834,1559.9874125503352,1388.310190897875,49.4016780284589
1392.302054532299,1562.898090511816,1381.8836015288161,49.69552477474693
1389.231216638786,1555.8795525718376,1407.1841169777663,43.96700971587791
1396.5421306222963,1562.2805853220445,1402.2302030296216,47.81648405714861
1417.6958781254107,1522.9993978136563,1400.1048798267389,48.28799515861636
1402.9116144643003,1590.8916480158725,1385.999434628366,47.814477803586655
1392.031785580886,1621.0838768251215,1416.3995668182865,46.01282976036246
1407.2581497678207,1582.9564147807305,1394.9664326195052,46.63385665676219
1383.4656177524537,1551.6746228131879,1405.3362642481648,45.87758801783346
1410.2203926566442,1567.144472342001,1385.4543859475527,46.36960395326176
1406.1291096155264,1570.8224630995,1398.0947481037997,45.18505245699924
1395.3828729329168,1559.6483044557324,1402.9137445623858,46.82781676754817
1387.4212130232916,1597.2036527679031,1403.270752180533,44.7457974330424
1386.699786165748,1596.2052008875066,1401.5464854323664,46.69979816865779
1408.0222600451887,1556.8909641236469,1404.9452249204878,45.12712746635035
1418.434707537336,1594.5016208889501,1388.6947954396703,47.31022454268711
1390.440383794568,1610.5362532715453,1401.9737260543966,45.980870658585665
1406.8758005532723,1618.0511641045912,1401.1375768348028,47.43587052181181
1368.694594720969,1637.3042404617192,1402.3167268419506,48.622371092547176
1391.230734040142,1561.960147011136,1400.7234521731918,49.38417040415706
1399.5341160069365,1636.4844085279042,1387.267872260866,43.20799311646927
1386.3547487452724,1572.9158722298243,1386.8220024789102,45.74870885918933
1385.952404378156,1568.1506908923898,1377.8573181411546,46.54537088433198
1389.9833066529668,1586.5414474975569,1408.175345098453,47.69049172757222
1404.3828909248955,1568.3587733181398,1408.276575097352,44.524468243768204
1397.1900647239045,1587.9808828129305,1408.4355029122212,45.52686138979968
1366.4265315001255,1553.598456245254,1403.0678996246145,47.19553580398566
1368.189497710474,1575.2249479587313,1378.668807822819,47.12733236229
1390.8970223321423,1605.7116446872335,1389.7328950821473,47.56642760963014
1406.8652987908033,1578.8587741713768,1401.704154175931,47.665513590332175
1358.7874273591215,1582.8319157347976,1401.3551800279179,47.507891649673795
1392.5040473577255,1589.5051720943463,1397.7725178684798,47.29048297494724
1392.1062821522387,1603.4132325863532,1403.6891720290826,47.08360965998955
1420.8250666731267,1546.8955057562114,1400.1165170768525,47.99714463458655
1394.224672824307,1591.6904810367487,1401.2077046555137,43.64101600015366
1405.744834771114,1574.6372172151648,1393.6093466716798,49.31650023045685
1402.118857101312,1583.3327579062368,1409.820109861216,43.69327692367951
1368.041502802892,1601.1990033952475,1395.6922839131962,45.38125727464326
1411.523108249476,1556.116266971763,1386.6935091697937,46.65985880502478
1403.2309475818442,1559.7471111711382,1392.2900098718128,48.00891933663476
1407.6240295951188,1541.291400805724,1396.51533808638,42.507099663800574
1458.893565596545,1569.0168211647244,1409.9400278836886,46.95781351408725
1368.7383059075212,1606.6086468875762,1399.577320015652,48.1885925591236
1425.8704497464166,1577.5882562305305,1398.1385178103435,48.49177717404272
1395.6882872089948,1553.1975020869043,1387.5133657523738,45.954005512253815
1404.3099335660452,1570.286425108499,1407.8548258982958,46.548747069567455
1399.3173163204813,1550.2427659301875,1393.4804784597661,46.07577780666106
1393.6364549990294,1557.4962779653767,1398.9997214105867,46.41098801971087
1391.4525060764186,1587.7763782052743,1414.8018307688187,45.45226017390735
1404.942631033595,1556.5225334738793,1405.087633310493,45.66612175629362
1377.2423945499247,1602.252686104066,1383.7174595228482,47.65156538304255
1411.2586875128266,1578.5775941833933,1382.3048976364753,47.19742305990911
1393.7570839267212,1581.7118940788905,1399.3568954988075,47.73737976138571
1383.0489599143946,1574.4325406478422,1387.8725938512518,47.321021584551254
1393.249807130063,1595.4569567708745,1406.48546747633,48.056507901721396
1418.8572382529385,1595.6631977555403,1400.4226306496498,48.31732099723249
1391.9699736947566,1586.7010870382435,1401.6538476902385,44.38742507020084
1405.3768042731442,1591.295782118153,1392.9325681835764,45.71853552437845
1389.035655864268,1575.7582066015914,1417.413836552867,46.65293606376494
1411.3688277488543,1590.844060138181,1428.4259372801046,46.96598371176899
1410.2826160818531,1573.242444490524,1397.2141527624328,45.99486413927295
1427.7291324994462,1580.044632443248,1403.53039248415,48.36803550648246
1397.3665408175118,1574.5071250126741,1400.974173430643,49.9699225524359
1410.0298220713687,1570.855629213616,1397.4031313655894,47.2792429333726
1401.4710130930841,1566.2177640455643,1391.679295322672,47.126511548297316
1419.4380767279451,1589.3538020771778,1389.1503201251953,48.2741843826565
1389.217514185869,1606.2121182562692,1388.6440273447447,44.20124036719485
1411.1750796931592,1603.422039433391,1404.0524002554914,47.042703410657616
1397.0795405582498,1554.8686932810913,1394.8032552179636,48.46855373820127
1399.0371773433726,1605.7840610281376,1374.2170714985948,46.035269004198334
1401.3762872667255,1573.6368299676415,1404.4485822059833,45.16015913014705
1403.7836059464003,1592.0146603029118,1399.6173871753585,46.721291584850334
1398.2565643531707,1561.8756933590557,1413.4667300140115,46.90897185019712
1403.220697747558,1582.83959827748,1403.7312239709102,45.63702157712681
1423.6717708634328,1586.2744636579382,1385.213264036897,50.144241914076424
1414.7817452842282,1550.307904161607,1377.7032335927001,46.28195542848808
1413.0373188874535,1592.1653433268839,1392.8052761566207,45.26951097286015
1393.166907109642,1606.9187001567664,1393.7489257930636,46.85956802139408
1386.6613875765752,1576.5070410863675,1409.4315920100016,48.36179095655674
1414.3295083735663,1607.2033626165603,1399.9112906771043,47.02612137349735
1413.140701887947,1576.2061301309518,1411.3368849809851,47.728390880066
1422.0900601362648,1596.9916906209323,1386.7516694429737,45.69273410850026
1390.9402906104615,1535.628600680978,1409.6526438438045,49.23153266960527
1396.5567701695948,1628.3755555862692,1407.2098915343092,47.842566541877666
1375.4077375621184,1609.9091649048592,1379.817658885688,48.57155235331641
1394.112933409087,1574.3074899149265,1413.2261784126076,47.54774094871276
1414.9485576586917,1540.5582194671235,1400.9345849176634,48.237326056593176
1393.002569311577,1585.7605673661099,1403.920445038685,45.690421160484156
1409.6071969280124,1551.121489058525,1391.3510388757159,46.26288437496566
1397.1424534100329,1588.8970707511498,1412.7524701292198,49.019720893334046
1404.8608554233233,1588.2313143832857,1388.1414767076112,49.339612920925944
1382.784629152765,1561.1719366199595,1408.3209201837394,45.27940160042139
1401.2781417445085,1602.4193404722876,1408.2060747590867,47.37460410179572
1355.1329604364892,1596.1114940561235,1390.2583257182778,46.35358429927216
1397.1965576275702,1599.5164667457714,1419.8337359942257,45.954452795952704
1375.5429013442729,1580.177154073378,1402.3152848021753,47.42725954303317
1418.0899177482022,1551.689518661726,1406.5389261027103,48.71144439854811
1411.6611102914676,1599.5574454442228,1384.7287920466424,47.67749370992629
1407.0000647294912,1574.5925720172843,1421.1773000300857,46.520731325121446
1422.8150934073908,1552.2043971361466,1387.7544305977492,47.77229176990274
1385.7662521876275,1607.0407873194865,1410.2488643276592,46.46003573962865
1426.2104479687334,1621.9881504100501,1390.052282820683,47.618171451095904
1413.9828734639057,1579.175037420416,1393.8101119715232,49.0946985506836
1396.451670691716,1623.1824230920658,1407.8875404388546,43.88426051104876
1417.034302207744,1581.826294572227,1410.2755271367516,48.19587844781005
1383.4055973138254,1572.390881916673,1387.287157508859,44.6914176176443
1387.632287577085,1567.3908309162905,1410.9047216905699,48.842491565816694
1390.8711541514044,1612.7416481598548,1410.449804951332,46.04446158519071
1392.0653343790398,1564.3971223722447,1390.620465911551,45.173492933590275
1384.1516353585962,1594.7053861994998,1415.9864759359111,48.04290384063312
1418.34624600643,1568.8167232988158,1385.4314237175197,47.546255094713615
1396.1171839944525,1570.7938647485128,1393.752274172224,45.50121964555751
1405.2875745253532,1600.6049938793913,1404.7900262409198,45.12050036424741
1391.4447295037949,1572.399263074213,1391.464337152974,46.718777768763076
1372.6909504917721,1571.904092411594,1402.6381908567935,45.1938695747432
1404.0508603758713,1602.6560939434962,1402.410760788033,45.407790540614556
1371.3161753687034,1611.9479458644325,1398.129257300773,47.17343118563215
1398.970489308718,1592.8937960656847,1408.3240053859056,45.55119254861736
1379.4752744175078,1566.904604487521,1397.7163920734235,47.63980893503982
1429.8091399884622,1569.7878300140485,1402.315410688138,49.235215393825214
1413.670440832621,1581.5983052748009,1411.464718774879,46.77716687764913
1401.5863068690721,1586.4186012385132,1407.9068621002584,47.19522659297838
1418.95560016482,1560.2426817972046,1407.860172908142,50.02714509925323
1387.305260338014,1594.4607587915973,1388.5082039778322,45.21859832393398
1408.1521906800515,1581.7102665927919,1405.2479257550133,48.786852792771114
1402.9971565057806,1545.6858336272373,1391.215012090305,48.606286396868725
1403.960301220005,1561.4214703507853,1387.1858502022196,48.28147600876068
1419.0853025016015,1569.9174265269667,1399.2829365371504,48.93762177609895
1410.987381541697,1578.542846223179,1390.957048133484,47.42086244893793
1404.3308549423753,1617.7855759100798,1407.9061771883999,46.1256057566011
1375.1766884565754,1584.7634261227925,1408.1453545969532,48.641859936830855
1385.5993055708082,1563.1845622020276,1380.9737376356857,48.69926331756934
1398.159365996064,1584.4126160861433,1391.7169746042312,48.657970852239934
1401.4005856141498,1572.9582450509224,1385.40213328082,47.066753123478854
1383.0469441298912,1586.4951647906707,1395.3737072340712,45.92570822958001
1436.1751501336764,1591.6113537407123,1404.5517566986882,47.287043381167415
1422.7459108288035,1604.1846129444787,1397.577119018216,48.413345026351756
1409.0317748058872,1579.5142700865995,1394.1024075933287,48.536527684789945
1401.0805529192562,1612.7792105519966,1413.0017652681313,46.35548580938811
1396.8168654514827,1598.1604532507238,1376.9514282740372,47.473059344191086
1385.7212230996665,1565.8512091037562,1412.3687189351822,45.03683254327107
1401.162207777783,1624.1971133149693,1394.5571170684452,48.47742515450878
1403.8662881021412,1586.539890265402,1399.2189098988722,45.825036864912406
1381.3735913677756,1563.2975099205553,1394.7263666227989,48.17788303935732
1405.0126462586734,1613.0582610246083,1415.4288810553912,45.276043133914754
1397.6711142676288,1621.5555517039688,1387.6902150319474,48.54712385965101
1371.382886631839,1579.3394947256088,1400.1173636972194,47.48275278503416
1387.0942248383076,1569.9269947924881,1405.2743865186,45.82796345657458
1393.7959169986752,1576.5525008509267,1383.8899723211484,48.03703457162079
1428.315314860103,1594.294634550354,1390.8010182955384,46.114457462292
1408.3482968680064,1605.5571331006104,1398.5182146650177,48.124332556167694
1379.9677764635017,1591.4097466172714,1391.1333496531563,46.58883278692892
1407.2905443412646,1582.0344641694353,1391.8440822878085,44.418429311555506
1376.7904401659246,1609.9602354060885,1396.5013733692356,45.5263756392786
1416.240365808306,1573.7432705389695,1406.4958133164616,46.35437793696907
1392.9331302227317,1600.618386767338,1396.5728222312187,49.05228353562287
1398.5954571689124,1574.2387440329744,1410.7842619447295,48.351715445793836
1419.886949713133,1588.620459160218,1390.0224221734065,49.435792118483214
1380.6925464712363,1577.728748704191,1387.4807773952655,49.48045282404479
1379.0432272233052,1578.8829563469437,1419.2634540572114,46.19787379311363
1391.24601010481,1572.4522696507559,1393.420418723345,46.717269710361755
1415.5756827652897,1606.8970806236139,1386.8908799292783,46.38308011350419
1377.2098088678474,1565.3414792378294,1382.5794605822816,45.99273409204839
1357.5176660283414,1565.1953549490258,1410.7510345380895,44.23775793599531
1393.232617123865,1622.4198713169021,1396.5869548533994,46.97787842297473
1408.2761119986637,1599.5569512930865,1397.462902649336,45.07165160943333
1418.0039262460825,1532.2977260261393,1398.4079828841336,46.948742177698506
1393.052579568719,1568.694825215792,1410.129428846698,50.173656214344476
1393.82860089326,1543.7602132487589,1398.2047016602407,46.235982355503936
1417.3085110138363,1560.986186131695,1423.4405377883263,47.2921610084421
1371.9538745045686,1517.2297066753192,1401.3376057405424,48.35997257871392
1394.1721883722548,1577.2602084461212,1410.6178476695832,47.420436937948864
1402.8563583488758,1557.1611636167738,1408.0523985790442,47.438726281913446
1406.7382808192756,1581.1981051359287,1399.6355267974195,46.45639634946788
1392.3528996021369,1547.4975748223494,1394.1302901397953,46.65218303740815
1400.5166151755877,1581.6582370634408,1403.3196392856655,45.559984216718256
1362.675089698805,1571.7016744375935,1405.1009873120727,48.269067513334114
1390.1262738149924,1610.0390593037719,1394.2741395187347,44.387762515078855
1406.802630688317,1608.2271372349126,1401.6633886595066,48.4566325075733
1385.2655894861798,1595.7069120602057,1412.362049782596,44.89445242288214
1400.884763323844,1573.4677243867757,1420.6994773906968,48.443910911114976
1406.7030875120404,1619.7076079052058,1408.5436932034943,46.469273710681726
1394.8617619871336,1548.9392944432036,1418.6275968638029,45.15219696780038
1402.5569565649485,1551.9288274087266,1393.7062578879354,47.868947967619455
1385.5590115207308,1578.3243380022186,1407.018822520593,48.39315130261366
1396.9008308045593,1625.0807621784224,1413.3851950858127,46.342882027844695
1409.1532425438384,1575.9532218625982,1391.03666667028,48.0809158230184
1402.3545944145264,1576.3350951358143,1395.1440988795498,43.57237325799598
1391.202030956541,1551.161792877764,1417.3790476183526,45.0191055653801
1403.3632460643619,1598.9185917054076,1390.2490114421305,48.93861339570309
1410.7191468595493,1599.063525086587,1386.588699673443,46.664496088703125
1369.250880821338,1595.7815040279982,1415.2798157363952,44.20668001032673
1417.3861109743384,1567.4155865430528,1411.9676322498044,45.95170072933701
1394.956178919784,1565.8658646325398,1404.3212024398376,45.61489929121238
1406.3823489986034,1554.1375549919005,1399.5428924535418,46.751057402790615
1417.9587038546783,1581.6774500352187,1395.6147549439502,46.44387352428853
1379.424894541543,1558.39185341443,1402.8194887380905,47.268397593407244
1389.3583849635868,1556.4516698950142,1415.7980695740155,46.89580092258114
1395.6717695618645,1571.5261856617865,1402.3856612614209,49.03960888255553
1388.2436971831335,1570.2168764963158,1421.6695926724697,47.636822899579506
1426.0240486375521,1569.240429423561,1391.0205801435977,47.68650741679038
1387.148418592598,1589.3288919368051,1399.8031924567174,48.74773568584178
1391.666798307697,1581.5809560430055,1396.2694133233608,46.41684687435563
1403.0658354740447,1574.2368793897776,1389.1485845683767,45.10718383496227
1381.9677571088587,1583.6602585662297,1398.4691626699034,48.81045548694837
1394.064789323656,1560.1694591779074,1404.1732930166045,47.20376262216217
1404.7617989187527,1582.1055724781936,1405.2423017995202,47.20902681184839
1395.0070939342622,1583.0120498568926,1421.7045217894456,46.05000511770464
1398.5991971165008,1549.9390628128504,1404.6446746972356,46.074717000344634
1392.0600183132744,1599.9138750874072,1411.501368036796,48.27008350815627
1377.2829453622885,1562.3713258954601,1400.6609424629899,48.476983697206414
1404.8238981700886,1581.8061959841286,1416.780556004526,48.17573510861999
1426.3239960747087,1603.2882348107055,1423.9844928558807,48.18944240816821
1400.2760244617516,1598.5135351542774,1405.3108513097595,47.85354430588964
1403.3789617587133,1580.6866677713767,1390.073409845484,47.19728409511723
1410.390841326753,1572.7500199423587,1394.5119497722283,46.73693047351853
1380.9600425517995,1598.9502381715113,1402.8193430320516,48.81548577491233
1425.537719871944,1593.4938995561724,1404.5649803525064,46.43941869426435
1403.034931946342,1567.6326995991174,1406.9842513438437,47.554968820821124
1424.4778534863367,1564.1021270599663,1404.6019768123003,45.79398050306863
1389.0045050671401,1538.55289636608,1400.0698491625594,46.01105144472432
1427.2709288383674,1583.0806368336719,1393.6380155879788,46.64576814821416
1411.6273324105218,1578.346045099632,1404.0113826126424,45.79409243490925
1408.2956012877853,1602.723827492851,1418.5498735748065,48.19677773821745
1403.5103668152972,1587.1811018696073,1410.1992860542775,44.977948622682455
1396.2720707288834,1606.6845838834538,1405.347039496362,47.14884443507161
1418.0079748771082,1566.0527154416766,1410.2956692382274,47.198762145263274
1402.1053980477207,1602.7630066193524,1396.2893597109914,44.28380063252048
1370.4939544461927,1569.4216724179068,1394.9173485391668,46.33846426921459
1383.2422030743949,1595.5519212358454,1392.5221489563403,47.383549307072215
1397.2123137171088,1550.824832149386,1398.7471337723057,47.643091989941105
1404.6499847474834,1584.7027059873237,1395.7799410329092,46.69353918709975
1399.1511726665015,1540.3062411710819,1412.0827474065213,48.01533230672107
1418.284561846905,1574.6572502811648,1395.246765823178,46.83602561414594
1370.7334720394206,1588.8070798775582,1391.9727828377509,47.02047936811258
1402.1538190475774,1569.580628975378,1419.4257717883063,47.37748080347983
1372.7303116191927,1558.9912474248806,1395.4862476891865,48.390499443101255
1411.3956844322624,1596.9223693859187,1401.5352845725035,45.9864229963767
1398.58311928337,1577.9307442030615,1404.5132282474342,46.269767191222556
1406.2941495803618,1570.2085870593867,1388.6330688107919,45.99665526240618
1387.0417555911536,1580.8379184230855,1412.3548376950307,46.5017034257871
1419.1919739748662,1632.7333828389117,1406.3711904041122,49.139351387119646
1415.6258699608827,1603.070056995631,1415.5838401188078,47.85908797899474
1408.7531645451784,1603.2514733637568,1393.207780627819,45.30336538224674
1398.0572412970484,1588.7109263798473,1400.9912579247616,46.09932955161699
1408.697859279427,1583.3297054515428,1400.393557549942,47.5591508364146
1389.3966114801897,1532.0783542333916,1402.6388849435002,45.640238328600844
1412.8333348853107,1566.4203930707374,1385.4538525142284,45.911989938777864
1424.7422134148587,1570.3885117359505,1401.1083637869222,49.01743949926122
1416.0591583996877,1542.5021587190492,1385.7353608857625,46.07993655729022
1389.0559629528889,1556.8516841956914,1403.5833407119692,48.43200022404408
1405.4212597590965,1540.3832705815473,1378.7135087548147,48.88298478429641
1380.6028768436204,1579.2335232860526,1381.4841316570942,45.89980686324655
1408.5858546676352,1596.3753194169763,1408.1854871644,45.66505616516429
1406.7590511929382,1602.1354903724866,1394.5316154480522,46.58580187027825
1371.9527549070176,1588.2956892415848,1390.1214192636776,45.367058418989565
1382.5732423413147,1560.7320731760287,1412.7084562107555,47.181550817754115
1395.7529165488436,1541.3586968296008,1403.276262173284,46.69152213221992
1395.4871037928876,1544.86262601197,1408.720901955338,47.540870023829456
1381.8578459687178,1554.62034845491,1398.3375792767918,49.095415184349235
1405.8346809402829,1562.2228060392865,1426.796286939,48.22622747115548
1403.7721041341076,1576.8050300401683,1393.954861394402,47.73385966311854
1397.0859630203222,1559.7167156374605,1417.4449554935989,44.050927380548124
1388.6631274976246,1586.7795178733652,1399.3863395990008,47.665063973153565
1415.7306068962484,1575.3545299440104,1383.4548960508725,49.58394149105683
1424.8311066963245,1580.2109142348206,1404.828487457481,42.48421622552972
1392.746577742302,1602.805011053424,1403.1476256145515,48.03407381446344
1390.8174962426776,1556.3953653159926,1389.4867818576076,46.760962137865306
1407.36811498118,1588.3740915658473,1390.7778072286528,45.725307495465586
1394.6295593037953,1579.7205354304785,1399.7530235691502,48.20169287586793
1397.9090419900515,1573.3302743806062,1403.4974781524797,49.564558850911
1411.0947972758702,1597.7051264173192,1375.293367171206,48.16284609325663
1371.3596586873905,1597.5802830911402,1410.531214525238,46.44321207310771
1419.7745348727901,1561.0701840802315,1395.0550202618501,45.58479526338777
1401.09020786494,1576.3567883228416,1386.6825251560183,47.21694145068432
1393.8276028315672,1585.6242336516814,1409.4106655145192,48.309753938572385
1398.6614876866784,1574.5398650395482,1399.7638202058154,46.419420460649405
1399.4364403253078,1591.700426645756,1412.1616577678226,46.564425512523805
1374.031980448326,1585.6238403582056,1404.3795226297975,51.233000374757594
1422.4240734117986,1616.6512248071203,1399.9848549705196,48.61797791893959
1400.6198844840592,1549.3944172814042,1398.4727005501984,48.72519301759045
1406.6450319567107,1577.551280205052,1404.8271276055614,44.809571140911785
1414.2732465586107,1561.8299497697562,1395.8646874119067,45.93921698105981
1384.6825631365955,1592.0821491087809,1391.474274112535,47.11202245918136
1407.1020784855284,1547.6565621990892,1406.0990912265465,45.49829366317228
1395.985383636518,1586.9262542044978,1398.5551215855558,49.400595948333944
1412.7015616282474,1567.3990313730333,1400.3356764806902,49.11546845988597
1368.0915886947275,1565.3167626775796,1410.893798361546,46.19968199392392
1398.513585496381,1551.0700359291864,1398.8612339226427,49.67587790991123
1390.9576901632406,1570.6984810759798,1400.150339255418,46.993621854920086
1406.4839442595123,1601.6900106058185,1394.0035048854907,50.88408457608357
1407.0506628105231,1579.4962263294103,1404.3073993398184,47.21702919578755
1389.3856115776696,1592.5536083574896,1403.498279126801,47.86428912549263
1389.3173920373592,1613.2928364393256,1409.0077513179056,49.099855161754334
1398.34001947164,1585.2751116964514,1394.2087116299313,48.916450024711715
1386.5503665902718,1568.8240085587531,1395.4218303040982,47.76609809920384
1412.6297554317819,1589.3450443036559,1407.9213739914546,46.78828952083425
1394.4618919932884,1569.1140770737143,1402.5221300336286,47.771199049989676
1356.3951767101753,1569.9115463340565,1390.937818738073,45.775723742185825
1394.377669150673,1549.6021440076204,1413.065540677345,47.228200578296175
1384.4218426873404,1598.5251498216878,1383.0154943159976,45.33603870125301
1375.5308627680859,1572.2799484870113,1407.8428475326375,44.32867753987955
1381.4386004266614,1583.6419649163172,1387.347879640018,47.07564014620917
1401.6411270774945,1559.2807614278672,1418.8578851648554,48.89341683600751
1419.9296124237235,1588.7189525943095,1384.5540027309437,48.38870696239409
1404.6977671079746,1564.7611752372984,1411.5225065187276,46.87713155641159
1390.9024491767639,1577.1658255659636,1399.1836563998875,49.620484547263246
1406.8385629275606,1597.5565206247825,1396.3339743016127,46.14640791373014
1393.1136453467152,1595.8151862446505,1401.8539665646776,44.12325100730297
1389.5809944625528,1579.5593985496612,1406.3190033915782,43.72684805869856
1382.6845599765052,1544.6373793458656,1390.9559949766913,45.228213589106424
1373.7225678987243,1639.856211401213,1391.8421227483143,48.22493711489334
1394.1511444016082,1614.9171794054628,1406.4960486511288,46.04779597479892
1402.370802348802,1594.453496497766,1382.926570463504,47.691437962785955
1398.5506449497766,1564.9359243681806,1394.1577090680792,49.469425075375966
1393.7604960807896,1577.7281567659606,1430.4068695415945,45.34985455613329
1385.8138090895484,1569.1315914044696,1390.3198703541073,47.71774959769383
1409.1236928752746,1605.2771187819278,1411.4780279175975,47.808444608983585
1380.2430212008012,1585.2500578170366,1394.1404923128619,45.70889301729034
1411.640418707652,1564.3167228328034,1405.0904514479714,49.031316387867626
1384.9667447160991,1570.5848980175044,1406.543556905962,46.56843941667579
1388.7134714397046,1602.4237628513981,1411.2895673518294,46.42437052863048
1377.998222140765,1612.0019569364097,1397.9974617318721,50.16741982762696
1392.4789677967156,1610.566631269725,1419.8888463875485,47.784150113550076
1414.6296868771697,1595.1406413010795,1394.1066343541481,48.38793582452825
1407.7344213266595,1574.9475026239472,1402.3422041359956,49.032339397282755
1414.6763316804206,1515.1697234934177,1402.452769322176,46.02428900081117
1407.8321381890091,1585.9432004761645,1388.780318800506,48.87473164558052
1383.4449525720445,1579.963424823118,1397.1412774502087,46.2471588275035
1395.0381616350867,1582.799641926427,1401.6151349923841,46.18306491599255
1388.297013063238,1581.077946940664,1395.6787895687057,46.592000041537794
1419.9586235605857,1553.4747567610168,1424.4092396545655,46.06690274758257
1382.0481703036053,1591.1481711370236,1391.6137632640048,48.23323464898574
1413.4054653408366,1592.644326280637,1411.7942446814043,47.40081598271758
1413.3943080516315,1593.6467756411932,1408.5645981314879,46.26316337807433
1427.4443030257414,1598.9315400714677,1399.8613786549572,48.01175754973223
1393.8547011105575,1592.0810328984326,1391.3479094614775,46.587226343920484
1410.6848323937024,1571.7994117692217,1392.3174467960823,46.50789444445299
1434.2247775480826,1578.5832630416783,1394.820327007835,47.07302582735232
1390.7353748459946,1581.8224973450676,1382.1425871805375,47.69519053349933
1376.9743962870145,1582.1539889821324,1389.965345742007,47.58477147406613
1371.7998494913836,1599.9643531194347,1385.1752348463635,46.455126226620756
1410.6906804329199,1592.87337506045,1413.458750031777,48.2706668111591
1371.7527468791213,1621.546868791399,1406.184623923882,46.66640877338052
1394.415214205931,1624.1293795976935,1407.8597409886545,46.01752326708692
1406.5596978055844,1581.5929916522784,1405.8883195154194,44.79796752684897
1402.7776330524487,1503.2668890308125,1401.6696762333415,48.47476772149853
1406.3816729627627,1604.7366493225454,1414.6068033212914,47.018585114291014
1403.3343478370127,1569.192473220259,1393.8923734426826,47.31630853776577
1419.1829871997008,1563.97032156338,1401.0666965536705,48.568704373549274
1385.715254288918,1572.0310945002127,1407.4705882782412,46.283890652603276
1389.845072923122,1571.0671390637078,1386.7879076814388,44.938401127288806
1388.4101083209378,1592.245396202108,1430.9658889614254,47.104671053322825
1412.4528771779392,1548.8112844174755,1400.285657627776,47.46194232812044
1413.505978825926,1558.445585084168,1401.419894505756,46.605726400759444
1406.7683797897776,1586.8631710839484,1412.5687803167493,49.21060636711425
1417.752405003349,1592.458880608266,1409.1495533301022,43.27075014841797
1382.3293869893544,1592.8308328987202,1400.3807801939645,48.680084956849676
1425.008361673267,1564.259274421334,1401.3012943809804,48.18673047554634
1422.8485793256839,1560.434687014675,1384.9585146905201,47.68515616655069
1411.0343299586862,1569.8673033242417,1394.4353422215002,41.99614767579636
1426.7269836315659,1584.7974550456945,1405.1721021615897,48.9258331749054
1375.1506518848335,1609.709547385451,1404.4389283904288,45.46034883404617
1392.1332779560603,1539.051256284585,1412.211657500041,46.23846203242492
1388.9704480897708,1575.5854248608327,1398.7949894177668,46.7441110028149
1410.8221898563602,1553.346431179496,1386.1271348656912,47.61112705197796
1384.2478889059678,1546.9551464529302,1410.5673043077568,47.95914206328882
1411.3624272400623,1599.3391329068963,1414.36089346182,48.339260831478946
1420.5580421599507,1590.8924914899867,1408.9824457285622,48.223780265117774
1410.42804350126,1588.9886703189452,1398.3636632914252,47.37939080631969
1404.2562653549226,1598.42051679462,1410.4438605187659,47.623883988586385
1385.1818998864887,1570.4056220646773,1434.2891047800822,45.36386942626663
1387.2972355081195,1571.3472496733295,1401.1515231444048,45.873459789771466
1418.74428357945,1623.7146123344514,1386.8826330775487,48.34319033551225
1411.69023505858,1575.0685789148085,1394.1371495044784,48.25581423009302
1399.414707209337,1594.7026422610818,1406.2547600030405,48.08569912466663
1393.7313568135116,1580.1276308192662,1383.9519568910193,46.228374857515206
1369.6128819033293,1543.0348293984316,1401.6940307491207,48.36573819791555
1383.9372137197333,1539.1074199239747,1403.803366503159,45.258133321279466
1428.671286307096,1568.420315601202,1415.3512173981264,48.61603971479341
1380.793166434963,1601.1220250333997,1413.101948560543,46.60869379813116
1402.8421973183163,1595.76583313272,1408.6458479175178,49.52625560951095
1415.1116595979279,1598.2815432844807,1378.3732098948547,44.71783686190177
1381.1761599799656,1560.2590764212737,1409.2105312804792,49.64510606887778
1402.7706571217163,1612.3174498024462,1407.0551338606024,46.457803506254805
1414.06873306266,1560.7021339962723,1402.5594437707834,46.430781115982384
1400.1874898286087,1584.2564879733993,1382.6977787385451,47.292258228478396
1443.0260458350015,1579.7929542018453,1392.2322609081293,45.954381630798956
1374.971011116827,1576.5225235937082,1388.3317723046594,46.89150649804654
1415.8809279482582,1606.7718427659122,1379.849915604929,45.89356060209372
1397.4079739390531,1565.8977895966807,1399.970848485852,45.94840470353122
1411.57880232255,1553.0078948857615,1392.0217787855722,47.730328925450856
1406.6196072754888,1580.3999097241283,1426.253055802689,45.64765175704473
1389.0026570433502,1572.0034653142695,1398.3122806056208,45.84770864749178
1403.43494588689,1647.547658381653,1412.9375315586597,44.94081312538039
1372.1314782290258,1593.5301495287995,1384.3090097530678,46.24410398005799
1409.0487125085708,1571.8131884956274,1394.6991041399513,48.967403044585886
1404.4723769898578,1558.8777686162582,1400.9689787603431,45.731099539845545
1409.5799025296465,1542.3942317886242,1390.9184605139233,45.90255010221914
1415.8717748763072,1559.4956182852513,1395.7779931519526,47.2908829197223
1405.5142976031457,1582.2988354351826,1397.8204909375645,46.44380534930071
1402.221341296974,1608.5465730318954,1397.660920145551,50.34223165002447
1386.7839749500806,1602.4337828477583,1418.5511857303534,46.75620805298561
1389.3166885452642,1584.5818966329275,1403.7822628543151,47.50282751932606
1417.80101930266,1573.5366466859502,1404.795105629413,48.41565317719898
1421.5450310855897,1585.376247128243,1405.3965477434508,48.38686679879427
1396.4283434553192,1569.6272400503085,1406.1262637733712,47.349931372336066
1400.6900412087991,1614.3672799152775,1399.1711301612513,46.758308769970995
1386.4307843750935,1576.2161963744984,1396.7925362852116,50.036042804568886
1417.5913526790116,1578.2732428350655,1401.6681605951828,46.8503595870286
1409.9812523553767,1535.6835514995867,1411.5680394891347,46.33746484335728
1429.1182615469563,1576.0913030695447,1411.2623818843638,46.03122651755897
1386.825153842304,1596.7296827592988,1397.596015243116,44.409795195939864
1394.3298815147268,1558.645548459229,1407.6784369466811,48.23242362835575
1403.4716888378837,1564.9855933101437,1398.0541533696032,43.47789740434876
1409.6973430658866,1595.8542203546733,1400.3387054943526,46.991415738642615
1396.7649854367855,1550.466855529639,1395.264766184458,46.692709048592924
1386.9055836431944,1601.1560201508385,1398.1835486109376,50.35994778834717
1413.2211129338536,1569.357122196538,1413.413300695497,44.25252315692956
1410.8170304381838,1572.228635590176,1400.9242114733925,45.648345069523465
1386.255888491544,1557.522431897488,1401.3528250855231,46.795855311977526
1420.3316420165825,1587.5609252085576,1385.5278222074205,46.70370599379625
1417.552980637949,1629.1974397005877,1396.9075609236727,46.175683113784935
1402.0144474587169,1595.6299447892127,1397.5868509625527,46.87851813589675
1401.1939679356406,1562.7142947611892,1391.708565145566,45.110655906695385
1408.3108665667387,1602.7124117098294,1400.2166541170357,47.535789318492405
1387.0744539461562,1573.6664090813151,1395.7081770977234,43.51777198688363
1400.4504721874612,1607.489699628551,1400.7999585524358,46.96134596618411
1367.7142468308623,1596.1335280432872,1401.2150300981893,46.09946495860464
1413.146834682544,1521.1371686905654,1390.4424564217736,48.52443191413495
1376.5776016633722,1559.9184073408994,1396.0129821751682,49.63296660594996
1422.551297426435,1598.8877044567078,1400.7737428276084,46.503421746874466
1395.0481985905033,1583.0331454429004,1411.8429943115673,49.086088893712144
1396.8249952710323,1559.524881045843,1402.5671917279574,46.525825579054384
1390.5839914087323,1567.3282096901237,1393.3806482008258,45.55081021530636
1395.6794168911688,1541.8752675982123,1403.9900475924385,49.61885544827843
1421.2779701772206,1578.232534249472,1417.0754888932177,47.78116466710101
1362.6828701519737,1624.2137945203153,1409.1670647258902,47.00665778391472
1419.1544807913228,1596.0986678146464,1405.4752653043563,48.030766212647976
1405.0703522165256,1623.8083400237686,1407.2559017548233,47.41132255269525
1381.8946752821419,1597.6479417957996,1414.3995404142863,46.896170888087724
1383.8703141042615,1600.549586867054,1410.7562679401767,45.010347759038005
1425.1458954081231,1619.4815737549004,1405.6676038111766,46.5941948942581
1385.8173968008591,1587.5452651868445,1410.6864221959008,47.93488313518771
1382.6997423410605,1576.2554535698623,1389.1834890373593,46.81584286146978
1417.059718135471,1600.6531503324402,1384.9773474765973,48.35348864169558
1405.0782931442886,1609.0768047424376,1401.5709865064382,47.575482535800184
1385.931116351954,1570.4007071457559,1400.6868070965054,45.68279552287189
1403.2493746310693,1565.5686183531993,1394.5608994648674,45.02124206325181
1384.613709745396,1582.7771206486177,1408.2585266982771,46.76423225010475
1416.512320976339,1596.6299773386334,1381.3713641354877,46.213657327843116
1415.920564473097,1595.9618209732312,1394.652277439422,47.50448271443253
1407.980092982329,1551.516647996248,1395.150444551224,45.92279351185591
1405.4249159187052,1618.2321213412665,1383.6369821490055,46.07691151136768
1426.4178218730106,1567.176701412063,1414.947310072693,48.57960457639237
1399.9952949108233,1574.6987000622285,1386.4079873133667,47.22230445294185
1382.271888118688,1561.9469128002436,1394.1165994269231,45.94590940185906
1406.7421086924846,1633.9665767187416,1409.0797975780513,47.02646271310253
1431.2907057430566,1584.8414134057593,1406.4604534342873,49.06836686450252
1384.778607602212,1562.9804983863687,1388.9182530351525,47.44068003241208
1394.5780584995903,1597.2784709992488,1406.8248920926064,47.88942621413769
1406.2466905715219,1595.3827155862007,1402.8978447865823,45.871648195208834
1399.191427264914,1576.2454595284023,1423.3303556211147,48.5396290657019
1385.2654462943403,1596.8121342556676,1404.039404160683,50.477153390695705
1416.8278678434572,1563.4941607833828,1398.5875817893148,45.81279853623072
1434.8006108302588,1570.141634501015,1391.4349804288058,45.22715903844202
1402.9419718853585,1539.7956669086786,1392.5575663304444,47.26331336575272
1386.43897565396,1553.5209783156088,1391.7423090453185,48.31325757476662
1376.7655921241978,1616.1526161134136,1413.7109881391193,46.86291549192461
1403.8696397183178,1612.8285725544463,1400.1796991501647,45.420190405936005
1416.5581601497438,1581.3157729729792,1405.6524712397472,46.837123757329415
1407.1275161974306,1613.2586289437968,1415.1424759998088,47.89713840916618
1399.9639423862172,1576.798510267834,1376.4153585779254,46.389452259580914
1391.1609252231603,1575.1317939486419,1412.7887376470037,47.910882526632385
1383.6175455092286,1581.130212969311,1400.5539691178333,48.747066177859864
1412.5212698948733,1577.5015680935287,1404.3504837164044,47.36034593865567
1413.7065743207838,1575.6960735287964,1391.7159677825175,46.95807834308256
1376.814053199639,1602.867962142991,1392.4487560155148,48.244015887839424
1423.8475846727104,1583.002713079124,1404.8884588981298,45.71584875884415
1408.61106831341,1594.249635288676,1423.8459780033147,45.56793524946062
1420.9939196771868,1600.6276105055467,1410.033133128149,46.600141572606525
1379.8680837727234,1587.7637159130948,1412.6552292141855,46.2621808177783
1379.5126376687683,1560.5945734818351,1398.0799872973857,45.79498703706429
1397.7654603534907,1552.9426822207192,1393.9979577541437,49.74570271249816
1407.5417664034278,1582.975612696146,1392.19195048421,50.25798981424144
1426.9454123439045,1576.5748739035014,1395.1172627530332,46.469442436616625
1410.591183707227,1581.7478285784025,1379.4721756682948,47.137578424622546
1396.3597808478196,1579.6789192150284,1392.750806571084,46.71823576990431
1384.6044618850117,1631.6714732033313,1394.3964684394016,48.66124886017723
1418.4500085907873,1553.3954748871733,1398.2464182560516,48.95846834276007
1385.5294186137394,1540.2010746035776,1401.3175010974728,44.33410430196553
1424.4270283215849,1586.6475366703921,1403.6245086862561,47.71401620009844
1395.7342302559023,1572.4715489082362,1399.8507462755704,45.039767988258276
1423.8587310892678,1586.321357394599,1394.1855691365724,49.63740823681292
1410.1839693508891,1591.67766044568,1380.3664135673448,47.6603720453156
1397.945067658363,1605.6820939035779,1394.246913915982,45.76497569245605
1392.209054422608,1549.8554835923212,1390.27549362313,46.63801791809322
1394.8863818398088,1568.8656420428567,1404.660667482786,46.56653411260076
1406.4247503856286,1588.5752251776153,1409.0928739669368,47.787669414328725
1401.1573474432657,1595.4092719137445,1409.3857106705993,48.56286890626622
1391.0928288789694,1623.8689910057676,1407.5695273612782,45.277689062042434
1397.5155288452356,1599.1140794222774,1398.6647426454751,49.75813175136817
1401.1786554457872,1578.8642280822744,1394.780444345241,49.408535161731265
1368.0689885837778,1562.1912849411467,1392.5289724633294,45.687014648613435
1406.8725217218305,1568.7142029456197,1384.9250108339825,47.109202691543466
1385.304181629248,1568.1459435408578,1409.9185370050786,49.56621281617147
1382.700013951914,1593.1046725702752,1398.2528896207002,48.84937788001623
1374.6898347933393,1585.1399489117166,1387.5365970637913,46.49488545492816
1373.0916125319816,1553.5270085831564,1391.7350862428978,48.22150972185181
1379.6682874533158,1571.2819706181913,1391.3302654356744,51.49579743757871
1389.3646856355426,1597.5509510690283,1400.4302448501512,47.15773997277682
1429.2988870628985,1587.0332470994813,1410.6746785107068,46.05102762283997
1392.111804861572,1591.3728923202555,1396.5201045040442,47.2586297781371
1402.6662515940204,1587.6584342011452,1377.4746648521634,47.369828143245975
1406.007220797595,1612.5286146921771,1398.1081966484107,46.21319489149985
1401.9659777932377,1584.7208612764873,1398.438060999028,47.66243760172132
1398.83834808911,1572.279544042586,1397.7507976906447,45.11839841040875
1382.0705935460114,1561.6848991773288,1393.725388335243,46.00169919948698
1421.7639132241882,1584.9921891641943,1402.1743908072585,48.137367164232195
1427.1079496545683,1531.1859197044982,1400.66141115149,44.367693722686624
1374.7601195881598,1576.3142199633457,1399.7516968587336,48.35475138799217
1384.6395711367043,1575.8832028015731,1404.1264136144296,43.982027951441445
1395.802844864345,1552.7105829276543,1395.7016717685215,44.403013131685526
1385.531933076347,1561.43468322688,1395.1341433029934,46.25153188541617
1407.589483301838,1596.1931506029648,1413.801232895854,47.43029576422902
1389.075916963901,1584.6142349814993,1405.5935540971543,48.98789540469108
1432.4758410170991,1582.0357666741465,1408.269460609428,47.08643414473939
1417.8582289151539,1586.1269506786405,1412.2610458533406,46.630169588636015
1403.1886104594832,1581.8525517589785,1405.259441806248,47.86937187197721
1415.404793949796,1604.8572512571664,1409.2838867913617,45.6936517692981
1416.5885063653595,1582.468583634073,1384.2065483792974,47.20912273901961
1391.5407876791264,1550.835737723625,1402.0415387199603,45.20083061306696
1387.7567413318704,1612.6025992974883,1398.1728153818567,47.12388577531312
1401.1721459445448,1587.406805346577,1416.776840908998,46.8052455112259
1412.924541867469,1568.2149253840987,1409.276455318033,45.79359811782587
1402.0859059798013,1554.9319656340997,1393.6955480920683,47.24756095480661
1376.345052767135,1587.918284419161,1403.727941585292,47.237824479739466
1387.9576333407374,1577.6565599005125,1401.6768133344924,48.7631810185087
1398.8904070460844,1611.4829357206481,1404.5433143315222,44.59154989540582
1398.8650159351125,1573.0818543866635,1389.8115753062534,46.885926638454436
1429.5881326518472,1563.2523842063506,1403.6001646523823,45.85960640044478
1379.210180864015,1597.9159243647186,1397.7184865071176,48.30464308726444
1407.5838386275382,1598.5056378543366,1402.824497640556,48.1308680977882
1422.3366966249243,1583.373027352204,1392.7561483487782,47.76181976760293
1434.071746181342,1593.5271409534982,1394.149368286034,45.94425011289581
1393.9340386522406,1579.2462575851553,1411.738420203667,48.328205874410145
1407.371441790803,1584.677302020185,1389.4845244165983,44.704803606885
1408.5464053579797,1603.2998176512785,1390.2224559895794,44.39703394461084
1402.9322259732994,1592.5063666804301,1399.4841874278443,45.08619350014711
1398.5173219814103,1576.6145112333475,1392.2810962481406,46.94978778450964
1406.5396308425006,1607.047250918523,1391.1497136773721,48.01274660148244
1362.0163087217047,1532.7028925441698,1401.050759712083,42.535951288985714
1410.2310423509396,1621.0414662284386,1384.949341430963,48.98411424781968
1401.8926685549295,1545.8808181021852,1389.9203776508637,47.19666829426765
1396.662876548326,1567.458143504554,1420.5409558292365,44.648341478615336
1430.7029329357933,1579.1816492960986,1404.5947505896902,47.15142045543437
1389.8759897181417,1577.0703865854368,1392.5343664773009,48.63878812201763
1393.9538601640245,1600.1282208005312,1404.182150782662,47.89916152295939
1429.873299533071,1558.8432676277953,1405.6733047698663,48.64860959383095
1387.5190804272522,1585.2153363496614,1409.9441442009024,44.950630055904334
1391.7482707559518,1568.435758035605,1398.7284397054327,46.378992147292394
1397.7946186485372,1585.9028195867484,1409.764977027729,45.6129616542147
1412.6110172319432,1578.7045548040426,1379.6155347511783,49.57637030756648
1403.1170376102998,1581.8587130536596,1389.4369186952424,47.95904426522994
1380.610619792716,1569.0015033507132,1401.6387140173645,51.27051438343646
1392.0174715530923,1569.7987209980784,1403.296335328078,46.29858569987416
1390.8896835018168,1585.7454502805485,1390.8821771233136,45.912988682476545
1398.8416843216544,1598.8743101151208,1402.5941999126317,46.78576004210728
1406.3876548794474,1568.0344133160431,1393.7615975131273,49.06753583213382
1406.2730863383197,1562.624649108542,1397.2304090577284,46.45082046593698
1373.359823689274,1592.2692033134367,1410.24773800665,47.186656396860414
1415.959114813413,1579.3499221388463,1409.089374968886,47.14503605433023
1403.7885326899493,1596.609962679719,1390.0293967263674,47.05924514180328
1420.7679807139086,1561.884055732577,1389.427485379799,46.02140230930628
1406.6629749093602,1544.4112214915315,1395.888266044467,46.79406339813445
1416.5198443660365,1569.3399183634733,1399.7325369882708,46.72984609797296
1406.9981796717518,1564.6729478146997,1393.4210151142527,46.98865301048803
1420.1933863430413,1578.424231998394,1410.4064244279966,48.41527522722906
1407.8337595402668,1567.2630957145923,1403.4738984170856,49.64094205193674
1398.5312713033563,1594.820339026729,1404.0608510987443,45.73934785599544
1434.0865208067032,1574.2369947515497,1387.3346117105502,46.412009562818426
1413.3355568341983,1583.0094899754781,1411.6729071738378,45.76248215239072
1408.6061663150663,1583.1526911688188,1371.7983117775932,47.28065230583341
1380.855433751925,1583.8991018482438,1408.3405545184937,46.19247581373354
1380.675385738047,1579.5174177909005,1409.3431173767078,47.35969525061298
1404.390732232128,1590.2120138082062,1395.6759881272203,48.65544036566718
1402.1828179665235,1564.0868973234838,1412.7291021724743,43.211252471293086
1390.7881615248752,1607.9883585330776,1399.3690244704565,47.73766983440104
1402.114740494181,1575.2692523326293,1400.6243170332743,46.30971942665318
1423.829403920654,1553.7690172420264,1403.3952878740422,47.690633401976584
1410.4310371182544,1583.7614671398355,1431.8657491181104,45.6552958433747
1382.884872353709,1562.9763903510502,1413.44433908083,48.79439148246031
1398.3273675928558,1593.3066906901774,1407.0113120071292,48.36992092706043
1387.9255027872116,1624.1921115208474,1390.871955133988,47.852528222813966
1394.1845012538715,1564.268558168843,1401.435898254795,48.18983857671515
1393.7957650155554,1586.6474466644797,1391.8687590615361,45.88156929924174
1392.8353162609399,1544.8898882259075,1408.221108472828,46.070564367966064
1381.172969420399,1589.078104588827,1401.4046697573485,48.12865430122622
1398.085179777227,1562.2857240040062,1388.754783203861,45.84840628584708
1391.5908854472902,1567.5033076313105,1400.811245834185,49.16845256998713
1356.058269649966,1557.9742702032033,1391.505825302837,46.514613393078456
1430.794580367525,1594.6430245210947,1401.5121622133754,47.752841584790936
1416.33154481325,1600.1460871494653,1391.4092268363474,50.14887427888264
1394.3554891261251,1580.46770429317,1400.274876333608,45.940664968897885
1400.282285746109,1562.7114658932855,1407.5046986193508,47.10314262626717
1382.4251847902365,1611.7904607220773,1399.469480080749,48.58127474695596
1425.435843167163,1564.991797444907,1396.0911173282761,48.426916083314794
1428.4593304215966,1536.7593540014511,1402.0327622105747,46.50827703464096
1402.350405923698,1589.1677801991414,1406.9718262079286,46.22490434371722
1415.3529596627802,1557.9045065271696,1388.9281673011824,46.65029610118242
1402.6293016840089,1599.7721758699836,1402.606561547052,49.171786649227045
1379.949118416861,1572.3772460665316,1413.175408190174,46.58134121546008
1393.822649465545,1592.074264810884,1405.7365696327672,47.1171735387252
1401.9789195015794,1608.030006931043,1400.5775414666723,46.35982029361486
1393.1817842188484,1555.8228227075856,1406.3973750669888,48.05832284719398
1396.7202008384745,1568.681257382152,1404.5249645610268,47.23328755637549
1398.6290066373633,1578.4865785468587,1407.536011091598,45.494849283862656
1398.786822532018,1610.7510263806869,1379.7606838901706,45.54676382894751
1400.7838773574622,1566.832345641191,1384.4654386633674,44.00209165016674
1384.090924004051,1568.10992608102,1410.0482914948325,45.753017886311575
1389.244757763081,1589.5628115111163,1384.9472082383857,48.19091870544826
1380.7312360145004,1568.4554254857885,1404.015386357192,48.9856408070184
1414.6672332452931,1583.0505176579522,1396.479503439677,48.028337544825774
1368.415295872395,1548.9692515806375,1390.03810754404,47.831948300961024
1417.3038551497539,1624.2865988511319,1403.4964975714747,46.810210925707025
1420.7952409589427,1553.0458153938118,1402.0103350371658,48.16237183237098
1395.4672911952607,1573.564945920196,1421.1034265209637,47.429417334622826
1360.9529436825906,1579.3503792831582,1393.751887954641,49.706673457980685
1394.5803415704906,1618.2537626871358,1414.4011012006918,46.85233202873488
1399.0372375806678,1553.5030843813452,1403.524229143843,49.0145121256042
1384.8410267010663,1619.674082709575,1393.389781184573,48.31117112272679
1392.2717240928764,1595.1435364220404,1407.9924645751726,48.10316492930624
1422.9529279829503,1588.341906488465,1405.6573850445395,43.98276301180727
1409.9739074345262,1560.3073262596408,1400.3584329485805,48.39378434232157
1386.1315382843286,1591.4228248407615,1402.6629535644063,46.80873803163627
1376.0360124560684,1565.530267551604,1394.0301296895448,46.334110258347664
1395.0947402358534,1605.3332250639683,1391.742128747455,44.77563043823313
1396.7981483097435,1560.5787594178453,1407.5944217382257,46.99161929904773
1407.4429878104497,1577.7368301108784,1397.7606057568673,47.05032739522736
1391.970249311485,1568.8945382397367,1399.199170017509,45.04549711727779
1407.6724936304279,1560.24954075146,1402.7982159594428,44.790079740659465
1429.0273106009035,1594.8263963381582,1402.6528834478381,47.72992922019217
1412.232515336664,1590.7091749481926,1385.7067352902593,48.30755769659206
1399.2786723900383,1604.18020397802,1412.8625208645485,47.28542436488363
1397.2527429342006,1544.4024978358366,1401.211821519007,48.72625197452655
1394.6499029873019,1601.2834140468208,1397.9734673717785,46.870422523472755
1417.7096136867822,1630.1089781071378,1404.3084600516975,46.91847308839969
1390.5902983107305,1570.967178216461,1402.3654219361486,45.62445795688881
1400.6783406349998,1617.9029722421794,1407.670626894897,44.659637033669426
1400.7679685282162,1574.7367745588035,1405.3798367215095,49.78199320078938
1392.4732371078271,1552.551805248774,1407.1784622899627,48.69694857537462
1379.4130167817384,1573.887351151864,1413.5099390572752,44.911231149292284
1404.844617554265,1600.9640793535054,1408.8362454897097,47.23362786174692
1399.0849404221692,1563.2364703533694,1398.3951377967144,46.8499305333445
1407.5036070415485,1567.9932268198702,1388.7709884392316,46.589011290255435
1391.9959954034125,1591.8707886458637,1416.6779793300452,46.38647322827759
1418.3123194821958,1580.0612023347715,1397.622766266529,47.57190372045197
1386.8483932818224,1591.692459049735,1395.2689258663947,48.22726328820721
1425.6806042602684,1584.7565908151666,1382.6327318223557,47.60358675354231
1373.7854523525762,1589.5925063910315,1403.3847310531212,46.81922243843121
1406.5215509683533,1571.3539762838093,1401.4888660395377,46.76415992466332
1407.1314602378993,1584.6346188406078,1384.8488506375052,48.405221475383996
1388.0666439808867,1561.4525398860812,1404.5327404213317,47.6951674071741
1406.3659090679153,1605.7686724500677,1395.0180807929855,47.109034194553146
1419.1927800464023,1567.3145056636538,1426.903150072887,46.946148053599835
1366.7477174096891,1602.5769497509878,1394.3063880790912,47.51790576441843
1407.5411721123621,1575.3278607803427,1395.6480666780221,46.297476967160826
1362.6009376950487,1584.0399802151464,1391.2522377574562,48.23230822596231
1385.5150279471518,1570.100708982186,1412.7787652104198,45.3862121572432
1424.4374954735142,1559.6800913766394,1396.2722420553525,46.38281523535028
1391.2732694991191,1545.104792247894,1392.750858462345,47.916659143169035
1382.3918005338653,1558.8935168281507,1407.0695500992053,45.30067577996859
1397.0309340652298,1573.5218229356815,1386.1964706458682,44.64048718602575
1431.0185950724533,1584.2375835765777,1406.2511054624895,47.09461651314386
1372.5247662919096,1600.2075862656652,1417.8139971660087,44.455312768330295
1384.2303513254099,1571.084850804063,1405.666078328351,45.051794668922206
1422.4614752476944,1562.3607847146566,1406.3789831625993,48.13489117775965
1427.865535153066,1551.1457042799457,1408.7006021690747,46.6928221135914
1398.4485316356458,1589.601272358082,1417.0970802867553,48.92823042456348
1381.4142094621004,1607.6638903065868,1412.098939600191,45.19277848859382
1431.4376525271373,1605.3266053591258,1404.3966972227302,46.85907145155157
1423.916635876238,1594.1986549629448,1409.03891400636,47.59937682981164
1410.1842048164335,1592.770866345352,1391.140650745349,45.24422760480664
1387.8139647659386,1613.9524755941868,1407.7629359074733,48.547642856749434
1399.2645598874294,1586.6416292283361,1389.9444402881625,47.766018324749055
1397.5945987843274,1592.9225935204834,1396.3297758136837,44.58606936996885
1404.9627695692336,1573.58432276296,1369.1743782485676,46.9433873056871
1421.76502157197,1552.7591325829048,1404.0142965936745,47.57893510438795
1413.191255617061,1566.3230219900086,1393.5612798889165,46.11491498970791
1383.8393588452286,1579.816819229307,1411.1114521520446,44.78020264173678
1420.647446750293,1581.215707450026,1403.9019261060541,47.41768818417111
1404.6969821001974,1618.5257170971079,1411.2409589470162,50.316864425423844
1410.3059869378837,1581.6255433518213,1389.1640345532746,46.41952385126346
1421.998112889179,1603.5768688805128,1410.3838603715963,49.353861771927065
1383.3262962572967,1571.2984551684738,1421.0585634436334,45.8715667673578
1399.462616319403,1573.7664822846953,1407.6415829993189,47.323318452514926
1392.0281817296118,1553.419847255531,1407.9034900869228,48.15728379631418
1376.4821086195182,1565.1534397424687,1401.6959767639494,46.98737950104295
1405.2006496640738,1590.5396278272751,1394.7533121943463,46.553396526678156
1437.6733482737664,1580.1512036078827,1407.611923727015,48.08919128202556
1372.3988338324136,1598.8587723979447,1384.9391708959793,49.83718267290383
1399.515790834258,1583.625078966901,1395.8224487507919,47.450880386958694
1409.6081440261216,1572.9509253672452,1382.2894319766283,46.22590973520448
1401.8461730248428,1622.9659372757392,1392.9634362268491,46.715372664110475
1398.3030792122638,1578.121928625739,1406.4204509189356,50.77956146846806
1380.5117545483126,1603.2600193941062,1405.0539337622047,47.20236067450719
1403.4918011441025,1571.9758158691066,1400.5091369553547,46.10837945213304
1388.6485403447612,1594.1919895876713,1401.7040099406202,45.28239812527619
1367.1511744253216,1598.5603131830337,1381.1413538213578,44.26114835883109
1417.918883307706,1584.1698394115117,1396.2743771942908,47.545376410769286
1414.3757872976307,1532.910341546068,1393.1864839356479,47.981962989236756
1400.7749146527663,1580.3650492171223,1393.4094030948545,46.40495573005219
1403.4361203230856,1604.6092009551994,1405.9957862781375,46.97754437295357
1416.1147701907335,1590.5496166605546,1391.394926734947,45.24430743606706
1403.3650948516713,1588.9167775045848,1393.9531914987258,47.19939269724125
1413.5602633214198,1545.5548613208496,1379.1293075429048,47.72224298085069
1395.5377669868922,1565.5908985864987,1397.0587681962384,46.19725359924854
1419.6797560786092,1588.2271526230288,1389.1216245228638,49.53567900437876
1404.8117858889902,1588.2076655357378,1400.7920292868964,45.744340509879635
1402.910779154088,1604.293335602658,1390.4889195325754,47.42521490602847
1380.9490836693194,1577.102664897078,1401.0454224554921,48.27247582955691
1404.3043378145255,1588.1164817334763,1398.5531423925765,46.88406574977593
1387.5206762375833,1580.3274848386259,1416.7204177304232,46.717284771658264
1390.4257591020726,1560.261145269969,1404.9721798045318,44.8567007743255
1387.7693655752582,1534.884173378105,1381.603621274377,49.036012243574426
1384.0064760215116,1588.6201938426016,1387.351111558973,46.745160197498606
1431.8715710452543,1583.4789441682562,1400.5520800899233,47.806048137402236
1419.9700859298262,1567.6364991579967,1390.7015205160735,48.00908073179021
1428.805512532164,1547.6165388696827,1370.3163156976416,46.05755226197337
1381.6565747066666,1592.5947902881749,1413.4954631383375,46.703707093563175
1401.0688062486633,1574.681598516089,1407.202240169054,49.001723526115256
1380.5973856219387,1591.137494447363,1405.2097687349178,45.324203501389334
1389.564576842044,1617.280970608235,1393.9267695452909,50.191877112135884
1386.2280952487513,1537.1713823936059,1404.2767677100992,45.88269082208559
1418.5937600966233,1566.0079838259528,1392.9563967577913,45.230723815039234
1394.0565548284735,1575.8124877337618,1402.048573002177,47.1984635310328
1416.0256900054103,1609.096523482933,1390.7941677416352,50.312522396509806
1409.0618133438277,1547.2719396158702,1415.1628845055602,44.13355109661169
1434.554581281572,1618.7172205136121,1384.2976334591815,46.78847642226546
1377.8083366529042,1582.7171180313258,1412.3228382951083,47.714397525884834
1418.888498596802,1578.079986765323,1400.3891582801732,47.050474937803294
1417.1966130560108,1576.0388047356219,1395.10533004658,47.572882505004515
1385.3993174295945,1571.2747393563993,1401.6700292169573,45.92295037674159
1415.1070000470975,1600.9623351853832,1407.3334800717819,46.10041723110293
1405.0421744453934,1558.6295849183512,1413.667467366944,46.7773660292612
1396.587856100699,1586.908283632877,1403.1314302313353,45.30516786814587
1387.64096769542,1572.3163666858604,1391.0930391473773,46.93297039783972
1389.2133582282622,1564.757331029718,1400.5563012376579,46.41688205949275
1430.7471814367889,1631.7195035136779,1418.1679323666237,46.2949322222677
1400.0102422843622,1588.381014695069,1413.4767808551262,47.480759618897956
1411.731950022972,1592.265310893223,1409.0876347812437,44.26901076020104
1388.1365092749868,1602.7555356133732,1407.9568702012239,46.65636484492527
1388.3022058066754,1551.573001093629,1406.9945009060655,50.476030648422295
1416.2297721387492,1615.0458381824405,1411.5875483450986,45.370835470511565
1379.756356826727,1529.8208564300985,1395.433712142781,48.92825074472662
1393.771793481421,1564.6246717992296,1386.44913934225,47.08198418136905
1400.5104111660835,1570.819366536422,1400.6900350073706,46.09556328667787
1401.6705890276007,1591.63446729941,1391.824184132223,45.01903751070529
1397.3136007247576,1584.3743653228298,1389.4497924462282,47.20952294792785
1405.9372967164388,1576.663705186032,1392.7972142341207,49.18009565872202
1410.3928363372672,1579.7600531074456,1424.853139245337,46.416183282204855
1411.01956318189,1560.4395395295487,1401.3612463407585,46.87855786289484
1385.2129428699825,1550.0553521103166,1403.6190783636098,48.5155562752855
1395.7376735310681,1594.5302324467211,1387.7763719299573,47.51130618701942
1417.921442928154,1593.8741222507238,1381.5624704120737,44.64158633041313
1413.419707813608,1611.689887503141,1391.8094735688119,47.14833082378278
1379.407108227784,1564.1996580636958,1414.3819558520875,49.268352365998396
1405.272198505283,1593.8563042060184,1403.3427546607652,46.944588220298755
1370.3266212593778,1574.3258654327053,1405.985950914444,42.88776585578393
1400.7040235309055,1603.8094997038697,1407.3856603920206,47.58232248738661
1428.4665052511896,1600.4392555335628,1394.0865062020173,46.702315340683946
1385.7816092409653,1584.2241879844892,1413.8796558397337,44.256358379118176
1387.4851543176262,1573.2093968666802,1393.6719240077782,44.48118786491932
1411.460446723593,1599.2186435721653,1414.0623235926255,48.462660714933214
1376.8579772718554,1592.9380904651314,1404.4230215613534,45.90142588160738
1390.5086745517244,1566.3111919582764,1382.1095484575367,45.63875542889601
1408.9466170637263,1553.4440265304113,1392.5199051339946,46.9465421586025
1390.485712284659,1574.229341986364,1382.1506146712788,46.03369550252009
1396.4604501918354,1610.3082763069642,1411.632821327942,47.150072941666615
1411.1627856547254,1602.9297431746609,1399.752645791976,46.69591995584499
1406.3231912530484,1557.7534506065883,1377.7165756005022,45.20000662985954
1404.002275944431,1556.6448516820017,1403.7574688171967,46.233203302157925
1394.9131658109495,1605.4936769935898,1394.6283573761168,47.664129981963654
1405.5509167290343,1557.2872819048434,1385.1619414496668,47.06287706035794
1398.1440097985037,1590.18590647284,1416.779658369687,46.87708627641225
1406.8670841488868,1567.6785756932736,1401.0728586609657,49.906076361769074
1392.5460196232302,1612.3408984904336,1397.065685976867,48.096556288078304
1397.2614653843068,1564.5915040172424,1396.00575219014,48.27866189723201
1385.1506331117198,1602.8672306041165,1384.8672053084222,46.75104738830761
1399.4748858499065,1583.6971730812072,1386.9545110041588,47.33021778552691
1387.8349870455672,1585.0438970846858,1412.8491678487508,46.35335001571146
1383.2893032475702,1540.593828372972,1395.2611713021429,48.16632464828619
1403.8799172178308,1535.9417329358857,1400.2206770093687,46.83440014385143
1403.1910966378648,1575.5886811946536,1379.5566952379893,47.33356662339583
1411.7431060242286,1584.9381212683322,1386.819079642045,47.240916953232755
1393.5331164563736,1557.4960434452455,1406.0981251987475,46.97274967789182
1406.1207927025514,1558.2261317904731,1403.7771176011383,51.40728210073365
1408.261963584105,1591.2294525965226,1417.5337519872432,46.000071083757916
1406.671607117474,1591.2570896091427,1413.4295633163122,45.98643270476196
1387.6151947579679,1577.2451787922414,1397.6928902751517,48.041145120217635
1402.2404522340678,1595.6040344237215,1404.7295356471327,46.10724650138723
1405.46210444082,1556.515954085597,1396.8339655709692,46.56289045797666
1400.107677003619,1572.8813016582606,1420.5480981863866,45.37038356996657
1368.7028351244337,1612.9575521156735,1411.490146960524,47.73733687910388
1402.4073443596021,1581.3664425987963,1401.6968509085775,47.75638586672623
1433.1879655909586,1582.52625029174,1402.0039478487636,46.527211910114836
1394.5994109686453,1626.1189317193548,1414.448502872598,48.07222503272011
1389.0788435321701,1552.0131566830246,1405.7957784711384,44.21281247939961
1405.600228395671,1595.9286073328421,1415.5862801707008,45.93971989772849
1404.6856731569985,1613.279725596162,1378.0635207374112,46.74503122068361
1417.8910274812463,1573.5028414700291,1404.612282614988,45.24157625464557
1381.1319776613666,1597.192615737097,1394.8456513531862,44.37693044387191
1410.9707037886249,1560.359610055782,1417.56377987628,46.53815605244233
1408.8563309187718,1566.265352088653,1415.4639868718982,48.04103013059111
1397.8678019458919,1587.6993283209526,1400.3283580910131,48.92316258713977
1405.0803097688254,1595.9713334622118,1415.3563097881104,46.179068175191944
1415.4418622239752,1602.418730248125,1417.831145199925,48.09982375643239
1413.0847307004267,1611.39257173879,1400.7440667192616,47.954813057113505
1382.8547103188941,1578.6510688288963,1424.7193377243186,48.827912261501744
1412.3023728013322,1603.8722351034517,1399.6865884733027,46.474713454469
1399.0296709245122,1573.153903131017,1397.8547904966408,44.30224925722299
1401.0931114702328,1598.0418262317653,1408.6587258858435,47.105278778634116
1401.0979548650255,1584.1497759570436,1396.4620926885768,45.47930938854542
1397.7463551680262,1588.9135581416385,1400.8533977579489,45.91474233640699
1417.875612456606,1588.4701574804408,1414.0943442405091,46.548171283920226
1398.7442306022617,1547.9058998040437,1400.1921885221727,46.49160855297629
1383.2068080742524,1557.5175628227846,1383.0498220702468,47.21233890034369
1394.097052160454,1582.0508287963505,1403.673193878492,48.05473447462943
1402.680420752157,1546.2544184071767,1393.037064209476,46.44839662508605
1418.4382217644556,1596.6242220639951,1408.6527115729455,47.59354625991201
1409.0464202742326,1597.431119325763,1406.9618971582624,47.022224014895755
1387.2419708187942,1586.5434110575559,1414.7140034816653,48.40324159381767
1437.2778487501835,1557.5773197448416,1409.075323007927,46.71711222334053
1403.9716296646698,1607.6027787773703,1410.9024428365806,46.88160998633817
1419.1308610699853,1620.744212794367,1393.3090323986228,46.43839932800164
1397.7242834963415,1582.9415365489194,1408.0398649589051,46.756627190062254
1408.0003886705817,1590.2107075690246,1419.684512893603,45.82476780748119
1412.592027567776,1584.0347730959209,1393.1135009136324,45.67610407078473
1418.2729206763138,1590.607383779976,1417.997382917271,48.16364807792409
1415.8605245806734,1577.608824867472,1394.5064990879866,45.375197475223096
1413.0829550010947,1579.308715203124,1391.4802875495002,46.52132286545314
1395.2736990320884,1598.1143520099472,1402.9620044335484,48.523014179406495
1391.423809370659,1626.9124832379289,1407.159104161288,46.47094880749459
1404.989112654863,1551.9985753119652,1409.1175012397227,48.24311068052836
1413.9969210851161,1577.9237503119407,1390.382375792268,46.11343141890974
1396.6591894883509,1556.3907902953583,1404.3454009725428,45.42325459047471
1415.9775794857158,1611.8404979715217,1393.144454285165,44.60776121764877
1421.7892511822927,1568.245240613602,1385.1107774392942,48.96908610390899
1386.2551862138987,1551.135984124284,1390.7126368446723,45.29469322754838
1387.4461894430558,1592.7637399769715,1392.4909963404418,48.12077988518764
1397.8943741164198,1614.8862222948621,1405.2159516035251,45.500079459809925
1404.6141900228379,1593.2719573712152,1411.5221366306866,48.97607587690973
1392.1314947934943,1584.0959575456384,1385.2679337012473,50.31017408692265
1420.2830401830072,1588.18281845552,1403.5196107420807,44.470204910464496
1406.3610029227768,1608.296813256511,1388.233018142291,45.37286534876178
1400.591705723611,1562.516014599717,1406.29085409014,48.15969779570484
1378.461357141972,1577.7630579182737,1393.7726941899625,47.769564385048724
1380.2627627535874,1570.9461970298094,1389.4867098197672,48.165382782140284
1404.2151387542272,1556.6426938541658,1407.9966451534758,46.139366674393436
1368.0110656076774,1573.432494811664,1394.130773945549,49.98130124153505
1415.1895611446612,1602.154421919649,1396.840360486473,47.17707420003466
1397.627692334415,1591.3320429678545,1377.8001091244362,45.17455613473472
1448.646394543921,1592.886210002164,1409.4655136142346,46.62027724993558
1434.6187437592416,1582.9295122330664,1408.209085211691,45.194649655656754
1397.2782639612872,1590.4664756545717,1400.0545784428132,49.38641203783116
1398.4049449620302,1563.9881931530379,1384.7241905864423,46.00950310579982
1414.9337227100305,1573.8098022814554,1412.0936917833476,47.73872522711693
1425.5475891487706,1583.8400847393734,1393.3373661363921,46.29399028252673
1375.4295641384597,1585.550317177638,1395.466465498994,46.07691903535623
1373.2043680196798,1586.4037570984374,1423.1204405635954,44.13461872807842
1390.6694779166842,1577.2332943596725,1392.9636355589078,47.89726190448585
1408.741063747608,1572.4515319773934,1407.422099624265,48.948771878943774
1407.453103857614,1643.155425660886,1405.6209226208261,45.62604862795227
1416.0465718247578,1598.135745458648,1403.901721928801,44.68215632750199
1382.0045370745204,1588.2629495190524,1402.820005425545,48.20497406410674
1365.2578420554669,1575.335830035872,1403.763885618892,44.53063797634062
1412.8702129295323,1570.9756234611225,1402.7194059094054,48.82929940392239
1387.5770559055215,1577.383988125461,1399.4808164122394,45.64340731556807
1369.7226820341705,1585.8565768717338,1415.1128312411074,45.34506088576306
1402.1759561893907,1542.3912891187383,1386.8733943920072,47.37269363169694
1411.8976353232802,1548.6122080925063,1410.2145810401537,45.44279107248284
1398.1691430181809,1567.262352221221,1408.2234229868754,45.939333378060184
1393.1322742072628,1584.1427887355715,1406.983991213294,47.53097289900651
1397.6095665178113,1575.214537056963,1411.1697942764013,43.35633149425003
1394.4412585639882,1609.5624245219897,1399.074006047316,49.463628868892485
1379.7792933208975,1550.3520642600847,1381.3102592417313,47.06546019869861
1389.2797898451436,1564.9730906079326,1399.2770734028552,45.060550981394705
1407.819198575207,1610.401834819822,1390.0880578237545,45.47413194606974
1404.8251781206475,1582.622386493503,1392.6814079014193,48.4874695673912
1402.5208970895023,1597.6968516560232,1387.575803261676,47.901579402611155
1385.0727727721994,1621.0249388653892,1395.2265514155617,49.080170985927815
1397.277452567965,1566.1239116419636,1394.0337630601655,45.97588573279365
1367.3440243033572,1578.0137132441594,1376.224301700729,47.4448757557262
1402.6771499582808,1574.5514619813825,1407.0022191128228,47.63985186767552
1421.4328656172036,1540.9081399103345,1422.2032185800488,48.04290125037836
1377.8880180193685,1573.7920639248807,1406.0623719349628,48.690921685148105
1391.2110849002336,1597.6212437476133,1397.9707604346577,45.92410414123348
1404.9366016806518,1590.8117908362449,1399.4525360432378,46.82874459835928
1418.7926395164122,1592.3816633877602,1395.7901413198683,46.08477538162978
1393.2766307554978,1572.48982038721,1400.9004158386697,46.92108218996544
1389.6162450610116,1566.8780552798871,1399.6299190592676,48.04764917309446
1370.4661528637587,1605.3851134379724,1391.589515696017,44.51894674960894
1401.5515719396217,1570.0536570728466,1416.8288838894782,48.66405735418893
1430.6311406021562,1585.8816407758643,1385.1284576429023,45.291226813604375
1404.1603769294702,1583.2666936135508,1407.1833154319424,46.53894452045415
1399.6658153122444,1609.2343403251423,1398.9880237268246,48.865912887449184
1404.8312346615048,1599.4282471534473,1419.0083181506575,47.49201457697511
1399.8336199407709,1554.0948275866576,1403.4086459924822,47.50929492239549
1387.804784416098,1556.2489366644993,1396.4009446281675,45.22906093205734
1412.3491987351656,1591.5781963613827,1397.522928015655,45.43387109626424
1403.3864228466764,1578.7132470524166,1400.3990669451975,48.41188459500338
1400.2641987790048,1570.8965643209247,1388.572093050036,46.116284681773415
1385.3695095908263,1600.3125576798893,1392.331304748821,46.257632190050224
1419.5526189790214,1583.7491876417782,1382.1505603080814,48.445926876582064
1409.9705411799966,1581.0491477377889,1390.770231016259,45.425129681945705
1391.7061874394906,1595.596572815101,1400.9390648166045,47.403852699329384
1415.027372805229,1572.4978201011288,1403.0017504928453,47.06436098925154
1392.536437424222,1611.370379709451,1380.206703050036,46.99597141120514
1388.2699476123344,1564.2390475353398,1398.627882969558,46.222346552183744
1388.6044532377957,1593.1385813268419,1405.6340995082214,46.130217227805005
1373.4339717036787,1608.6766567731968,1398.3708780662375,45.382453754307704
1407.073135706273,1552.454090214558,1393.662113542222,47.72399753906196
1372.5328268249248,1573.133296482951,1395.878388549518,45.997776212724894
1381.5733425310136,1602.844147857711,1394.5923664502277,48.45311693175088
1368.866179863822,1603.1448909546205,1393.6326944089194,46.66316743761402
1398.7089546081365,1576.5700879922351,1401.7382352524485,45.41232426586844
1397.7451930959219,1565.306578126463,1423.0768822773546,46.64327917677737
1395.0995568022045,1599.1187164466153,1392.563000830948,46.38371420129529
1384.3613345799413,1603.670982051632,1396.8185736733858,48.51365511759208
1382.4164936984505,1556.706733029752,1399.4830206062477,46.4464997161227
1406.9655479531987,1555.9217270206725,1393.126455656417,46.585684428199514
1391.7417210243727,1584.505133639672,1410.9823580352343,49.117320058238654
1404.745374823042,1592.5872126685779,1376.2911462669356,47.762400982195025
1386.7212697081366,1574.018618295399,1394.6894082962133,49.494059024005246
1402.7159411415662,1593.585876399647,1408.1831373631996,48.88856750609586
1419.549170559741,1565.7972678632523,1397.0590569161136,45.66925611745572
1408.7924870058916,1537.7061280185253,1391.791610411497,48.48492628160016
1393.8137927267528,1571.5219785533482,1404.4075675443876,49.28795493811189
1403.8579845553388,1581.264642930262,1409.0634323539716,49.29921969848513
1396.3900223820467,1574.4832008020708,1402.1063544521505,48.482143975365034
1400.118202770421,1556.8279347268103,1391.9877964018713,48.45128449236376
1395.1158342177725,1543.6870204824236,1404.5620331915175,46.54600843448667
1397.5349719117191,1569.718223912642,1395.9795069972522,45.74392687347564
1403.1814002961125,1597.9531154329948,1407.4518688189382,46.47167402165381
1385.0996195062708,1605.1239487882735,1414.8325888485658,44.50281649785086
1384.7618175951504,1603.754267682769,1373.9442324431147,49.01419297313256
1379.1718616925318,1563.6818092970288,1401.1106747319564,46.57506056087343
1375.9959334324444,1556.9258735273927,1382.6426606305238,48.93699609359744
1381.740759616693,1589.9326922995979,1424.4178858532978,45.1527506341676
1402.391937602062,1592.7020002319584,1395.3187546620381,48.62393738150332
1386.6081872676218,1588.00339210401,1407.4637324182538,46.25767901273102
1407.7042169634665,1539.7187345152447,1399.646831404051,45.07344588753624
1400.5207062312884,1562.6623083023308,1391.9691541928094,49.44067707823964
1370.4724367984293,1579.4062241942804,1390.7794695282257,48.66096750401116
1409.8246337633254,1589.7443638926086,1415.8567917310077,47.317688630278674
1412.1619796838756,1595.3461472520498,1409.559380601783,47.05090682770244
1385.0920598774771,1582.8850704456408,1419.4358408737755,47.659265028228674
1406.302873143425,1586.6156761307648,1400.554533351577,47.29194286687612
1387.152526438862,1581.697309167222,1402.87919621246,45.81158606874279
1401.465055651225,1593.7123874843696,1397.328084343447,46.381921595322616
1381.0325238956755,1586.2573130298183,1397.12917796885,49.94107674805805
1373.1034032119815,1581.3147532009457,1389.5811306752264,51.00823511394202
1394.2577421558055,1574.6326240172523,1400.8401019092435,49.34400275784603
1398.1440658058775,1581.6258285008496,1392.107534051138,47.71733591024393
1394.034804595781,1589.6918275767855,1404.419089221642,46.493376450947096
1382.2395416266615,1585.3495077779612,1401.700102189802,45.80272115915455
1394.001514068033,1587.6165283669052,1402.8768204367573,45.9015763843547
1404.039421288711,1606.8544372270237,1416.7512993969024,46.17009851196986
1399.3266045481619,1585.3032784549318,1399.622820502344,50.22674606213865
1402.7375154589881,1567.0200295905368,1407.5672700285343,49.7094234445739
1389.9482719931866,1597.6721357198833,1420.5150946408558,48.11941758490309
1417.5757687207424,1552.6760332466217,1413.0661706929504,45.55908023538076
1382.3573999516782,1558.3717323852143,1411.5316969845485,48.33958389006656
1407.3134044563008,1586.7169452944013,1396.933117844795,46.642074457234095
1417.7283663943995,1590.3279333557316,1402.296430555678,43.77048584203382
1407.2136213912333,1555.0989755299202,1386.8172370797006,47.430650956101886
1396.9621365940275,1572.343650380265,1404.9891440096442,45.73713043874892
1392.0755443000553,1567.8783233556069,1402.7446017761383,45.787919856364944
1415.5413147656939,1570.266473542368,1400.2338512515619,46.62438800964799
1378.6553761210748,1598.8719555254588,1410.2719478824285,46.25251554058638
1385.4481360943053,1594.130109270945,1387.922251775756,46.94861477134399
1394.036633517624,1579.6175564029259,1416.3486285116035,46.876504174974194
1418.56480636268,1569.0807614577016,1409.017646879403,44.18628636072855
1405.6965145406134,1553.0070065955972,1399.2936602034802,49.28041698332425
1385.4793136223464,1608.403698775639,1398.5127041218261,45.52493491557698
1395.3453844192265,1591.8422780056983,1404.8061121524859,45.57140242230429
1390.7851528385556,1565.8666179185373,1415.2085123206377,46.507170122314555
1389.353165116497,1594.3919899524979,1401.0160771869,46.83749772894606
1414.6833433783518,1578.5955275885076,1401.4403090197923,49.18846972524776
1379.4238530610473,1574.2578099027533,1400.1811847762588,47.40413517808235
1424.1317128360156,1588.7042305657922,1417.8202411270147,47.8496982261643
1412.4234453527692,1565.1700350017454,1396.3111689706298,47.41180428137492
1416.3629250590554,1573.1248696097978,1399.7049240138092,47.34719237374816
1393.0559073196212,1582.429221283991,1414.63435654261,47.46459425463051
1397.7508892138133,1570.0109761422957,1401.4701083361285,44.100898786146594
1378.5027227821292,1593.3817042053504,1411.3705886004552,46.625122272740704
1392.1300638939979,1617.3813300735653,1390.8871994309704,48.743391665856734
1407.4048227146473,1564.9140373478572,1397.947074783715,52.91349651621003
1419.440945926721,1546.6974940739192,1414.8443403844024,45.193536601190736
1383.392647747963,1539.9651966504748,1393.2366028423646,47.63461994048653
1394.517410945221,1576.9906371701004,1398.487009602303,46.14343013318849
1397.7305116965122,1566.7367081974764,1402.5668523089148,50.07147785584527
1379.0631619671128,1584.1572100213416,1390.1084548200702,44.96932585881278
1408.870238626376,1582.651953440522,1395.861898813781,47.93740923547382
1389.140145023861,1547.935663067718,1401.1263668182564,44.889183350743714
1397.0691447323447,1543.702323410372,1400.4668173416196,46.52214999790875
1393.2207594213219,1585.918664806922,1412.8035202083713,46.948530003875284
1388.1599224142049,1582.7085766943992,1415.4145719483226,48.60453752260941
1399.8943252177917,1571.483640032669,1391.439151279991,45.38424976076221
1396.7658563214798,1546.857128297354,1401.112685191675,47.995074573271076
1394.42213176582,1589.4278252553,1406.7424830842476,47.02816658508192
1389.0730756747948,1605.437990908479,1415.163474657992,47.40919007942897
1404.7928700617442,1585.5596488043784,1407.1849029731713,48.43749907202771
1424.8042590273842,1563.0505221886988,1402.9091340159234,45.076164960492065
1402.098308492587,1580.8910433114231,1406.6654253198262,48.21589245972289
1414.941773223667,1552.6777183813263,1406.7376883433626,46.14664272036586
1379.146671122698,1601.1592142767759,1390.7228570771563,48.64381018246524
1402.3664215894066,1581.6368866905907,1401.9279879250628,47.50183645180682
1383.539475215434,1544.6368617649355,1414.5916099418869,46.68570742772442
1377.8461260870215,1573.9865127911264,1397.9264323130599,46.11496104636377
1388.9094288881145,1589.2660302046845,1401.2944664254744,48.234942491533
1417.8784900162036,1573.3390475804895,1397.5748355047397,48.89142752822139
1414.2502374300448,1574.4820855711964,1376.8614050439312,46.200722688709725
1403.645070830816,1555.5119558590545,1400.2059017723468,45.30049015132791
1377.009491601651,1591.3308197416331,1403.0179193065287,48.04131656441784
1397.055790229181,1567.0306159996173,1394.875066091191,44.82720358694945
1404.525500133526,1536.8710924598993,1388.4536305111528,45.04173134362554
1402.633043443679,1572.5748525865922,1391.1939354021836,45.405949586708154
1372.3430962477887,1599.622994311407,1407.6418761613556,46.37682427544188
1386.645232279702,1572.261411068001,1419.7252477304692,44.995502166176834
1399.0388335377693,1614.7596997024705,1413.8243334090544,44.091800135927635
1408.0443636427578,1588.5793589709704,1386.5565399516945,45.29683370849432
1367.0580826835007,1586.7751632456072,1408.546273105507,47.96371166985893
1397.568140367802,1577.4320346816478,1393.368376241907,45.09268389180985
1402.1457315481844,1578.6342758447142,1394.1773293749122,46.48959548306875
1412.7441798277432,1574.73152729761,1395.3802440202871,49.92004769354834
1410.3928637635615,1573.9546121583494,1407.0606694985543,46.92623880495936
1408.7385697821321,1590.617343241343,1409.5925337644903,47.51379648459439
1388.000892399471,1561.2833754041887,1399.019689287202,45.58093997262267
1371.3799679431504,1558.4821234255148,1399.1892925899197,50.24521228055021
1394.1042086440789,1557.5360989824924,1404.642637432358,46.18805826629236
1415.0244773781285,1620.9130909535431,1405.6799453952424,46.65784297332272
1420.9018179128664,1590.6068580334115,1411.7622570675853,48.97558801695105
1410.6582365344668,1586.089844033603,1387.156280244908,46.72739863271957
1406.440112342026,1558.8497065941315,1400.2002733980403,47.07183317401282
1405.6945947257896,1592.4668460134965,1389.3197562410883,46.577467518816306
1391.6582187985882,1577.6685730709335,1399.490577209366,46.58775143291416
1398.0490955966957,1584.283378822635,1397.7382471231924,47.555753016242136
1425.036042887395,1560.4675936827289,1399.532505460973,47.829414783797155
1385.8616299131218,1583.2053771483515,1392.0025711188946,46.03512735318115
1424.2216818606478,1571.5233292358703,1385.1271020679258,45.85087931577961
1395.169577682619,1564.6877768593963,1379.055624732851,46.086295866713655
1419.881481636426,1594.682126716145,1398.6881984573515,44.898118978700346
1378.897774857537,1549.2458438294,1395.6899889416707,44.61435461222106
1408.7885630174696,1591.295525286283,1393.2406233519616,47.44575072083736
1388.9484479607856,1593.6897226710598,1413.2254846283165,48.40789370476267
1378.7709921211372,1562.407126488975,1391.4056181320468,48.30656793971782
1403.2780106361643,1563.5934307773507,1414.168340821388,43.42701309029501
1415.1420768289395,1575.539486374672,1416.2384374426927,46.632402369435106
1387.3258784210975,1585.6407242092444,1380.4909953321062,45.34686206661116
1377.514760593124,1576.9429001637154,1400.9238145899897,47.21560615673128
1398.6223285349756,1588.6712492038375,1396.0030350916402,46.37326472178593
1398.6884700683422,1615.259593050748,1370.8819605528274,47.887867859366885
1408.2247944133176,1569.8456646170057,1385.553587469316,46.97127036439799
1414.2439185704673,1545.6964005859315,1407.7493610710846,44.15599715762317
1399.1087722809125,1596.5184716606132,1420.1919925271127,45.54937119080069
1427.832549721914,1613.6662915185507,1409.0267814269926,47.00867767223998
1403.3635211680294,1587.8553672610226,1403.2363247251299,47.135165643846626
1394.8036024098965,1558.2450264929266,1399.7866761836892,44.891484788444
1375.8264896134576,1577.522152735296,1416.826629146481,44.695310444680814
1396.0601071952574,1557.6295303157674,1421.4823920195763,47.08436800635977
1394.9541958188329,1592.857109879259,1394.131573204758,44.89449904092421
1414.404571944222,1552.9741919460314,1380.000134396897,44.49705586024882
1406.9372543610027,1573.997424263436,1379.018125367288,46.33228923105299
1382.3094631755107,1559.9132434741218,1413.218809921598,46.267330862992026
1402.5838157961655,1582.5364937026993,1399.5294145922562,45.682399283991046
1410.0729675759358,1572.6731664572449,1401.8324191045872,45.94439456491256
1422.9204703908174,1583.5352420650054,1382.0934900704328,47.02075358483359
1413.3125595112108,1580.4470110993273,1392.4681108721154,45.91975564448027
1411.4126998146721,1560.2668194455177,1397.0451918609922,47.10604553249726
1400.9012899192276,1592.5375412705805,1402.0783838336406,46.429297195824
1405.8246800813517,1579.0246869631376,1396.0140796108624,47.25147523307999
1418.7425735105924,1560.229419842682,1389.6267380169866,48.31730834815497
1380.0083390378052,1624.818531124116,1392.1543300739747,48.258871768085896
1394.7584100917456,1589.5286033343425,1412.0832328594722,48.93231570659913
1388.4114687686563,1576.9347889320138,1402.447846196035,48.25722034534574
1405.6872967808918,1608.3040905340365,1406.1215680695555,47.35783629731271
1418.4533326347619,1616.8363121877321,1391.0112618912267,46.34985254353978
1391.045385699184,1577.0930115537224,1370.4617651459937,46.41835861577567
1364.1454344879585,1586.9479497286952,1394.7689569311551,45.68333404034628
1393.816688824633,1560.2399436399412,1391.334294455745,47.00679393657734
1413.7021059802612,1577.0561449846398,1403.4901226862808,48.046081218067904
1408.0644485442483,1576.0187489248026,1432.8572371368184,45.91149859567547
1406.4227937171586,1583.696540672433,1406.9516601761825,46.94417321200434
1395.8001004718828,1586.6552095727402,1427.359601593835,45.98395665691734
1380.8145389567032,1591.1965689765611,1405.6876969533944,47.31403149528142
1407.729414824367,1584.752853125999,1393.7011376242729,46.175924924075076
1387.4857728494806,1555.7851474674167,1403.4791607812087,45.89073414305892
1432.7614510007068,1561.2306578851783,1417.806385994777,45.98004995760196
1408.5576081253178,1569.0718476107265,1418.2956259632124,47.75499316076835
1391.2902754616907,1574.3551881615354,1394.2466263195693,46.854875892004465
1390.8292212891706,1601.0154858094422,1402.531836956993,46.35736740499995
1398.6058369007962,1556.7412202629419,1385.7073312032885,47.39210675382082
1396.4074711696737,1572.851699036586,1408.2466862469144,46.378225673798525
1416.7525066329492,1599.060189964281,1415.533546990559,48.68977684052855
1402.7962425461608,1574.0024505100678,1400.3979945411602,45.539200769460116
1389.025523916372,1589.2083129968564,1393.3261594563987,46.71954273077408
1428.3566102773368,1577.209159141442,1403.6013095127755,44.8928521674995
1400.7396249728033,1585.1356651464944,1404.1745903136316,46.47968841216486
1411.5325951395334,1575.4305491238092,1400.8114383184961,44.48054675344005
1390.8766023883286,1593.3413094545672,1401.7871512433596,48.11947478383869
1405.4467344161678,1549.0988718518713,1398.2618514953062,48.14975565050837
1404.666649867148,1572.733759832229,1409.959549282264,48.176255260586714
1371.6552606185578,1585.9314535338863,1407.3622744516513,47.0433087202617
1430.2291266569096,1590.6739049601238,1390.1689685285585,45.680194392934865
1419.3596669138383,1609.8590524550766,1389.8940939684142,45.799489051946075
1394.04207025781,1572.1795066626885,1397.4562558297343,49.295258082830784
1383.4659538931621,1609.5896352372174,1407.3683712410518,49.15351565569969
1405.2134242070533,1566.8195234668067,1401.4805741389082,47.18383273542616
1401.3004654912158,1606.5729282308928,1393.5684958987733,46.22654894887951
1405.3350342284484,1596.3493425339675,1402.6151859672584,49.052935134047765
1402.8736609429113,1561.7308284073556,1396.6918948047773,45.95824525792278
1407.5936148395888,1586.1407847450364,1408.8048646022414,47.34327381214386
1421.709585490877,1578.9752832893562,1403.3305843506705,49.027935958097686
1408.5215480769298,1592.5116918735,1396.8472181254785,45.745492250503055
1384.2551675163509,1575.5345682313339,1402.3151877204646,48.24383537845567
1420.4384427906868,1573.8550754867654,1413.150480595242,47.7808411937658
1424.6092184523243,1607.381891655257,1394.3036992345362,46.94072518665266
1447.2808510176812,1578.0255821108865,1404.0265698164717,45.509849601300324
1383.147589501406,1596.5284464838353,1399.29539659534,45.91334035984509
1403.643230197254,1575.492970299116,1404.269836838621,47.43417660927599
1368.7685194521653,1613.3332651845506,1393.4543505840427,44.86499480767792
1408.2972373456882,1566.43330741329,1401.1033543315937,47.19611578852737
1391.7769955274985,1567.7171293750564,1411.078232824168,47.8115764760925
1428.8516869223743,1610.490343622318,1390.629930187539,48.477830259213654
1388.3807754497213,1571.1010721820949,1386.7059489667492,44.90246438830967
1374.662254430491,1612.0214861232878,1387.0854443551304,48.97437094574191
1392.9310438894622,1597.8368115918963,1388.2933746979982,49.5430452412699
1370.367683431743,1576.9070058687832,1405.9532328789267,47.61522735157039
1411.2664918176097,1543.734130559657,1385.9414031413453,45.44292712786301
1369.0237543061553,1579.6136339145633,1397.0210465525647,46.507836067459635
1400.4268637177474,1582.0326010706685,1406.1828930331071,46.92860413232224
1368.832822702157,1603.3443546660874,1404.166590605486,47.405695263095836
1395.1955329319503,1611.7689435248021,1396.1444102003752,47.03297232896541
1424.650672337068,1566.300256417125,1401.909237317551,47.421747714341926
1405.4097183715369,1596.0236352797638,1401.0714532973757,46.863879863991315
1387.047595925526,1595.308043120267,1397.7575904445182,47.39766064176836
1399.5319476659138,1601.468254048209,1397.8916528134541,46.30921486825803
1400.2702530806666,1589.973798242711,1422.3542743475696,46.4927199245263
1407.089455187651,1541.1500461807645,1408.093109039313,46.135962244285
1379.4971245507877,1576.8915513494449,1424.8065091751214,49.87588930175611
1408.88850910771,1556.8858485016617,1395.030368670795,49.19585117926148
1359.4341255259583,1575.9478845416386,1399.1503340311185,47.832941285020425
1390.551731714543,1599.6000847226778,1386.6787423472335,48.98796349590161
1392.675892363227,1586.1030167174995,1391.9043319791042,48.197692008466824
1409.4999023910686,1602.9618173279487,1419.019131486625,47.27190673927108
1400.339462790153,1586.8350784142708,1394.7796571015824,44.741642988470474
1378.9165541921557,1554.033481206622,1419.1928130014446,46.60675411981229
1385.2251031127448,1529.5830598685452,1387.566377393201,46.49744316197247
1402.980200143211,1582.976175233592,1389.4653096592672,45.300387240361765
1398.8139898720317,1575.7214706729767,1396.5876877897658,44.77075658809007
1391.3131383554637,1560.4610852123624,1399.3625007832081,47.739079019850536
1392.7874931573203,1545.9874550069724,1409.2308729245012,47.48675648355622
1410.4425199573893,1565.3051357305458,1404.5077041718628,45.24890452989858
1392.2346114069617,1576.1101703027045,1395.8368474265596,45.881182240345716
1398.678631339564,1593.3175564741277,1398.6668419348189,48.74183340973124
1432.549048821208,1583.7726216313597,1396.809370802153,45.68345522972516
1378.6447604467412,1612.1613449434547,1390.8534626467426,47.2561983559007
1372.2223590263802,1559.287918879092,1391.1203706339838,46.71533255064803
1411.753844971979,1597.6211778411487,1410.278838914334,47.759545206593096
1389.8203540805885,1580.9459748625745,1381.7183507207285,45.71583852101536
1395.2264370838607,1593.8933824823716,1416.1735869744505,47.13512521631016
1388.2826543280332,1571.2697027346892,1396.5700577439777,47.25308386601881
1396.1029978884874,1601.4336074778118,1392.2749139360783,47.34527120934383
1423.978071681445,1585.9044951669048,1407.3975929069727,47.11861078694392
1412.0319268792719,1566.411100301645,1414.852165841471,47.51691398089117
1412.9333526783046,1579.7595194217363,1411.1763244160395,50.28765549807622
1378.7565941631103,1575.208882821258,1405.018520493599,50.841946665156655
1382.732693951707,1589.7835670127558,1410.8686348972183,46.04117578881992
1357.4138201077185,1556.4044650125097,1382.8350242285615,43.52263552947125
1387.8592876837588,1579.412965957686,1394.7816945851184,47.89324295108296
1414.350547795785,1587.9061450529866,1390.8882993997515,47.279378689851896
1407.7541977362255,1580.6604661438607,1412.2463873121517,48.59156278877537
1396.677301055718,1606.93882488778,1396.165219810761,47.42732884957297
1399.6654957442292,1595.4804554814211,1408.4540655678206,47.08790590928858
1389.666716861369,1579.8503840651852,1405.3585694248864,48.69335989381583
1403.0713832360268,1584.3337819499534,1391.376930638363,48.90317088262076
1411.4881741922093,1585.91331102964,1394.1304179002373,44.920159911828506
1375.761698188843,1588.0659920833364,1412.9381769081472,45.775090719290624
1404.4947153175601,1543.4868400867078,1392.2451735131558,46.841610561066986
1413.98652306432,1573.969474084613,1401.2486761019547,47.14765643588687
1393.7734956655495,1550.3112186361316,1392.1745871367355,46.66102519497163
1410.5105091818089,1605.5656189491897,1396.8604781308413,47.65131076679283
1442.2198166670883,1578.7830095999414,1399.5383805603003,48.49415718397565
1398.4348581051966,1576.1331810064075,1392.1713348970252,49.58406456608109
1405.89960575008,1597.9359466406647,1390.3955304601611,47.86836953565935
1388.929143745079,1588.4464959489974,1402.8627333677744,45.72149948232033
1402.7187674390307,1557.4273097124158,1391.5526259120882,46.778935662203274
1406.9040743747346,1578.5818927494527,1391.8934244430134,46.886971638110666
1402.922635104052,1573.2966605354723,1390.6094685629803,47.771960359971736
1384.7045702043672,1545.1093422278789,1399.2209195366868,47.58225205015091
1403.0954265698817,1566.194475335256,1409.4370163439985,50.07559497666726
1421.9329390807645,1576.3291935596708,1415.0652863631226,46.30773029711764
1406.729536467718,1577.7009813701632,1392.7408191400623,47.57712580065021
1414.4298078360775,1550.3553715264538,1421.503107933312,50.53206709661614
1396.4448204498105,1603.0333116609495,1389.952951392932,46.1221896546446
1411.2485035913558,1577.9579388221712,1410.8354852332786,47.217723044255536
1404.1890175732478,1580.7510615332112,1392.7830354598457,45.58267924831398
1385.7363390546916,1588.0128327667967,1391.2907673012999,47.12313034944115
1404.777815071983,1564.2384749219266,1392.5524384321561,45.829674277793536
1385.1245500483953,1589.127119462654,1399.475523003509,48.57020135523702
1390.5067958767281,1572.6585070796364,1405.7997217103361,47.220978288547094
1402.8399246093857,1562.0682891870563,1406.6986803790483,45.59690411002656
1404.4586641007018,1591.468949867108,1390.5601498465212,48.260851546687505
1382.161513023843,1609.8334771760362,1390.1034071248873,47.26949905830738
1415.8097865677432,1594.4965874697166,1390.8336130663645,48.429228165835184
1408.5800941745072,1598.4595513028087,1398.8864559761448,45.27850605807838
1389.4290734658368,1569.587387868754,1397.8984439580913,47.55323661837299
1376.9362280532623,1548.0476054166309,1390.498245379302,48.16001254196706
1397.8264313137786,1609.8027504419967,1402.6960369406324,46.364933764646395
1393.3108442920825,1621.090297788095,1422.6256880833532,45.11149590954777
1401.6971068557953,1610.8561354753936,1394.9528453816486,46.93758875694441
1394.5532500826664,1573.284281220405,1395.6648817879648,48.84217294067139
1369.8881470888248,1556.9073132254232,1405.5966157032437,48.68889549595109
1394.1747959254826,1558.6863460436086,1394.411837082632,46.35735734786663
1395.4157133339754,1546.325348647719,1406.6896448171817,45.075371845435335
1409.5049153716109,1577.8524276317992,1392.8145729322096,46.35323041947564
1389.5270048808343,1612.1135591616492,1418.321196075773,46.29728352390213
1425.1801201005885,1577.166747362555,1403.447749725923,47.66967017495717
1371.3253917402237,1586.0464580069654,1393.799770509233,46.84249774564382
1419.6675124670394,1607.5119392860843,1394.1130830053073,45.87010368239429
1396.6352154368285,1571.918093763352,1394.8620024729196,48.656394600891005
1412.8937730851533,1620.7106291343919,1413.7274966624886,47.21063880116725
1401.1970222608809,1619.841888149949,1387.3124899239872,47.65312347909641
1417.093333040382,1577.3777732263904,1393.320583295405,44.4125218488031
1394.189570531708,1568.4493147196158,1394.3833944307457,43.36360269395407
1383.5206936223328,1593.9447609278063,1399.8431203324305,44.84368132783339
1421.307564309066,1573.0495011496228,1397.288903073532,46.27918486158983
1398.2977903117678,1556.8688956586532,1385.0877216860954,47.86453402642071
1403.323377104363,1605.6247730704597,1396.0017731640453,43.48662969438905
1418.5212787106718,1604.3289477455417,1399.0044931681502,49.38927809655798
1384.5206713685834,1583.1102320752711,1393.7190216492022,47.25584904015519
1408.932363464589,1554.7427049254366,1406.8677548904766,49.04044248942486
1391.1515786530567,1555.4094749756523,1409.1940842875365,45.6710448762888
1398.0174596653344,1582.144585768383,1399.216133002706,47.75578990125874
1401.0841844807644,1570.0025793098994,1402.3054158685072,47.127793894956184
1377.496672078296,1573.1781413571678,1378.3894400265074,48.226529469581834
1388.3174443576934,1600.4392631012001,1395.7889722783816,46.649312948600425
1420.266093386197,1594.6635863484512,1410.048216917579,47.70982281351138
1413.292867828772,1607.5628536099523,1395.7656341682073,48.6532929781568
1399.0604063400915,1560.1875355324548,1392.6273832360803,46.02323555916234
1403.6468518776935,1573.1361686262658,1422.7768892603094,47.36336634873447
1395.586362415453,1595.1796339092023,1418.190771901958,44.168206644166474
1420.3487507874197,1588.9615668202578,1404.6757491248216,48.053754528595036
1396.9947113330875,1610.6476076517524,1411.3891061148004,49.931993815193735
1403.4776313820228,1588.4107341180813,1377.7406458204193,45.133345928376954
1417.190452162131,1616.962182082111,1392.124485593713,46.86292810935809
1388.3394277273114,1590.8003560344628,1395.3004212682686,48.32072195137117
1423.3818377674534,1601.2433489517732,1397.6401990113307,47.04712621019983
1377.0430788538492,1573.5297010643108,1395.1005597902604,47.24764932723984
1424.444631966692,1580.2857442376799,1374.4997370848366,46.413500837714544
1394.4098662407205,1598.2188880767894,1403.8602461870855,46.357771620368126
1396.3595187826209,1612.259563411861,1405.436541282806,46.86995876962193
1371.649847432256,1594.5847389862151,1416.0189879158997,47.06250713320903
1393.1780792393347,1578.3365645613076,1392.1169073522503,45.227838107634035
1384.4029020345968,1607.5467005905668,1391.298368422201,46.90096702108096
1390.885304819398,1536.1604268744024,1373.2001551403553,49.35280090806399
1397.9403355131667,1551.5553099698625,1397.064331634091,46.371299309616646
1414.3668742170935,1593.6326844733678,1409.0111178106217,45.14411752568806
1403.1140502710093,1580.2821671250624,1393.882321378073,46.77287589802036
1404.6151498010167,1592.1102730224834,1421.4344481854364,45.928080781813556
1383.5672091673166,1581.2881504486388,1397.4340516421048,44.99248726201709
1386.788688655959,1591.4189138920774,1401.4699228428856,47.20875269259893
1426.9808752752697,1563.7119435801362,1386.368969194184,45.93457694427338
1388.9719844785513,1591.4097217215938,1402.8722034517527,46.062928749720086
1424.8431237808595,1599.8882905641517,1380.206802051473,47.230141070578085
1396.354082016787,1604.4110120786247,1406.9369795501314,44.7002381069565
1400.0343190421527,1620.271085892974,1407.2442817623541,44.38764552462331
1416.055477403449,1584.8819688700478,1413.5929142433652,48.006308291752894
1419.0783863290799,1585.4782217369436,1389.8003128123232,44.10374959891388
1398.3378115958137,1549.5365507165232,1401.6056211829741,45.53498345703897
1394.1763541971768,1569.3717719772314,1405.638165593865,44.30024069691734
1399.1611932721669,1576.1383585198678,1404.4228163833031,46.27079529972675
1405.0693629234818,1601.0063910455272,1391.3470072486514,47.642088121476746
1413.3695553030464,1567.7799775182075,1376.0801811044387,47.16850692309856
1400.0634478849122,1595.9268003949767,1403.4696029688448,50.587810084185925
1409.2832944703473,1579.9675656607324,1398.4750032169009,48.6303734266835
1424.575395984064,1576.4566376977048,1394.3332940703856,45.6032632247651
1405.7196441839717,1584.9778793826652,1407.6394536371547,45.204417492760385
1404.6747928400716,1572.1768725549432,1399.5508046184557,51.060031911463255
1377.216337623649,1571.4192550381467,1386.808049472322,48.593858008600044
1360.539047947564,1545.9042818841976,1380.6854771090377,47.884054410904355
1405.8256359384525,1575.0409158534421,1388.7103673486683,47.112277718323426
1398.577636530787,1570.4006370770255,1423.9301229476678,47.41028235121252
1392.278259876279,1569.6803802130185,1407.2277677393276,44.77689008677636
1403.6529530627952,1588.3374612518007,1401.8861234197502,47.23555875529515
1399.0939440620464,1593.1726390558101,1398.183390728142,47.106847096188524
1416.9167037595084,1584.6438900928465,1397.5260706005256,45.64379173534778
1401.2916630238847,1599.9083038089896,1411.671959833591,46.19221031964728
1388.7961507239474,1591.5112385166074,1395.0940425809656,49.27276459016534
1414.8524935843893,1574.0988762038871,1405.7692041068428,46.812237619557706
1396.743033875807,1570.7428742857123,1396.515720497084,50.10675695379967
1407.8980502550846,1586.256444735337,1419.4015663183507,44.388980845268925
1392.838839407108,1591.475342198038,1407.4228850757831,46.21680472066138
1390.2525967175384,1607.9568861406299,1412.4555681468362,44.67908217312962
1401.2625234527854,1603.8234608988018,1394.1559022531176,45.18586631916225
1400.1924296531554,1569.1705398698566,1410.5813611256742,45.75769144151106
1407.1974055305025,1577.9598743974548,1396.874225746053,47.472964440155884
1395.970313700354,1593.4203560983553,1401.1003482393285,47.40023925662058
1372.4546032434441,1601.3599555611795,1416.3504767061945,45.98106452055859
1393.508391746174,1598.779389374096,1389.572249432436,43.65830066399513
1411.9072770071573,1578.722443343373,1402.032477313054,49.21653930954823
1395.5393588113534,1554.9195469514298,1404.3800525851873,46.57135292594547
1396.3042489622817,1560.0212724750882,1405.200043808008,45.32556474454829
1414.795647588589,1585.4526702863882,1395.4921550690653,47.41239617160513
1389.3204015911163,1586.844511588487,1420.8626410080808,47.30666775578476
1376.8579517263565,1558.0264125313124,1387.0506811465973,46.51598530250005
1397.5905332071177,1580.8913922177853,1414.5888538863246,47.22279652346226
1392.737390731269,1592.6244871394356,1412.1506560559164,45.26745523938797
1385.5063052037012,1556.9754668498572,1419.0088878960369,48.13986926476473
1397.3693231615196,1602.0999440360883,1384.1177290129217,45.504699357864695
1407.3725847087017,1572.4493770288036,1391.311685121103,46.09164551704485
1399.8606715764827,1605.152262251533,1414.9194305916164,47.97320272422736
1404.6047160902936,1569.330951084482,1381.229608453697,48.80593844751535
1427.2011154777313,1559.4674903423165,1383.9354109895958,49.378661852069506
1394.8568170766366,1570.8372602031657,1395.116922132885,48.583697357699855
1404.17522951967,1578.0970375384536,1401.9199378862227,46.51389172429733
1392.361799561013,1572.2304018645705,1415.9222507364877,44.6884503963493
1387.3046042016954,1575.6799715685377,1398.1473408506963,49.10758337840434
1391.2263851987334,1586.6793029935238,1393.9176085193546,49.05604398335746
1392.8186214271748,1576.576412604072,1403.1138993769644,45.99203576996975
1405.392136963207,1578.67775212096,1404.695964832944,48.38178355673684
1435.2361368005113,1545.815472015948,1404.4123982217027,46.50173330910389
1389.2593484558624,1587.8339603202094,1398.2201379204866,49.251915325267596
1393.750620415768,1578.2159340461667,1380.4491388608185,46.22770300639433
1399.0531548033314,1612.2058596096574,1390.8238401089366,49.96797693132275
1405.9369827306462,1561.208696654921,1414.2027108526747,48.17918082139737
1403.9532621793219,1543.8340934300097,1401.870689379766,49.69631726702898
1419.2614369092219,1592.3613698786007,1396.7747788089293,46.30430409552518
1363.6041189419718,1586.93054036626,1411.1816854837398,47.60754440666629
1364.196051947065,1559.8313395893772,1388.6988336763104,45.54608120248345
1392.5618274198478,1549.405020899918,1397.74651866287,48.265983878178794
1416.4595028131557,1610.7479346136859,1401.3775840517403,48.34856229925569
1376.515279525916,1608.2822078121355,1395.5862249670538,50.59553587730178
1354.8855149045937,1530.2508648258774,1401.007628229016,47.72305969582948
1408.5676910932882,1570.83553941487,1398.1230606857823,48.08614130375914
1403.6548583555407,1613.2838410956779,1386.0065695221413,46.293754435244324
1383.6468738980086,1570.4787488444426,1401.8147788187905,47.81206905895286
1385.216905989186,1570.187755319467,1386.7164820848714,46.43016318696863
1385.45384420548,1574.3448134474127,1401.6561512509672,47.173791138263
1401.6580297621092,1557.5820605246367,1413.741358241501,47.261773492318696
1390.605270857255,1545.904485115439,1397.1897680272396,46.471542689976246
1407.4109587846328,1601.050946214695,1388.2851687002901,47.09441764481299
1357.180600056434,1543.1412618750464,1398.7301218679502,46.43705724542987
1387.147222023083,1584.9454290421752,1391.6802889192147,46.43040331244924
1383.1091905863343,1597.731589855153,1405.9450900263148,48.614996977253405
1396.1548898244125,1550.9754740219769,1398.5201125247715,47.263120462739614
1391.929283622648,1561.5146319480987,1417.0976325166457,47.52059940830041
1411.9676566984365,1604.2635837678317,1411.6298959567735,44.814042846521694
1372.1099484250992,1590.6578344045408,1398.469194955186,47.635187497745584
1400.6823721449614,1567.6542858624223,1407.1560906797308,47.79563519596286
1408.3750463481756,1604.0449800672234,1396.0676359083716,46.40249206596687
1427.8497115484292,1604.1307144690861,1400.3395688516516,50.12754451439104
1392.773510433598,1585.381053860314,1396.3856580364968,43.566159103723905
1404.8668790652878,1561.9967954425267,1407.6645595984971,48.17655070365582
1372.9420581115646,1571.731025930564,1414.3298827670958,48.06920720743229
1364.1206569353046,1585.7277348791079,1407.9864820719115,47.812374397999115
1412.6716156367254,1576.2281034170503,1409.2193660128535,47.264319058457936
1399.916595595279,1598.779143564697,1409.2303343723572,47.82601898393756
1417.6776903469763,1549.4045183978133,1405.5125592233471,48.30226321933384
1379.3989566654539,1550.1147294186753,1388.6071384078973,45.91116862425201
1407.7985320929313,1583.6174222296486,1417.009715194165,47.44879343327013
1428.0322676081578,1570.169111723862,1418.0441082669843,46.72502473696505
1406.295584125359,1567.4590277060452,1397.6612039668664,45.359347399661736
1404.1487225838657,1544.638865616512,1396.293020847838,48.075754961919934
1400.1283412123653,1580.3909168959635,1406.1241165291538,46.15345936297395
1376.4367781431113,1578.9448978399846,1405.508128351835,44.7532119878308
1420.3335940356553,1593.0695796390348,1397.9805393124698,46.19133400894753
1390.837135402924,1581.3781226624194,1387.4997434441239,45.8016516528603
1407.5672488457453,1577.34791843519,1403.0570119074978,48.54271851378517
1376.5544854014313,1603.5400127358068,1405.5143653817554,47.22978971083712
1382.3081050323833,1553.750653931029,1407.258211480388,49.07357411853491
1421.5263109883335,1590.7277843769516,1403.4929277235422,46.00016565315043
1394.7904656656324,1546.5770567040931,1397.288848516381,48.31125480784475
1421.7991321406382,1563.2327623999838,1409.9400203950627,51.25943437221187
1398.8265401141223,1555.7468573475337,1400.6584849756591,47.53404870069071
1372.3715334056321,1595.6388507090383,1395.3507698563528,48.29247329348473
1413.3810139959758,1578.6917953280922,1398.1934661795428,48.04027649633811
1391.1516152336658,1579.7299351081404,1382.5403096752502,44.86688700886126
1410.4803322027556,1557.865340245411,1398.1775817582145,47.87872594620118
1400.3781630131011,1574.0061300813422,1406.8843651987468,47.45968448097435
1376.853226580857,1564.7306939338177,1403.3978302213923,46.610378924902534
1402.4644214805585,1587.6691002970842,1415.206641729812,45.67394543869268
1432.943347132292,1560.1781772933678,1397.370250859843,48.04097486049056
1407.394796877717,1606.5958873041016,1404.8731316305332,45.54139439058407
1399.1372337049181,1546.4883910075182,1407.9274017630578,50.200468407022846
1416.1301510293536,1563.8696033508688,1423.428570082874,47.17125362523219
1403.1600269780467,1613.544010199322,1401.4476549111764,45.16503942832024
1403.1430134539419,1571.2972250407593,1389.5581282113599,46.22900558250749
1383.6256224176134,1553.7024267119118,1408.479287533553,46.582798492565274
1403.507720386844,1584.3814312507534,1418.6572735596847,50.61856498088577
1415.5316512462541,1570.492155155709,1396.7745128977338,45.673116579785756
1387.4590677184997,1563.2825948876339,1408.410815386064,46.82567410512292
1421.367437318704,1558.0825837840257,1412.2872805522893,46.19325744520247
1398.6244096378232,1635.367472112519,1410.1706554397015,47.748887728372495
1386.6834573269218,1574.9689619963174,1401.2555852247358,46.21717487944243
1414.9644811538037,1541.4886527933425,1393.0152624178686,45.29141500079044
1395.6980864639258,1609.8741951801107,1399.187204519864,46.707058130305704
1411.3927233122915,1592.2214181022114,1404.5860045387763,46.55090923500163
1395.623620516122,1564.6706713796043,1409.0822252409173,46.11163343356398
1399.1026078470513,1561.337618226277,1403.3394504799903,46.19178446165432
1407.4034030650143,1593.4694559231646,1396.2009203345942,48.77704369682151
1404.36345586385,1575.0616334502108,1405.5537965614976,46.52038967859875
1370.0670232932239,1541.480443631098,1408.6008506774283,45.29880850628235
1383.1813438985841,1615.7447992920934,1403.7961005641448,46.30682605430022
1413.9411497718622,1571.3201907556809,1391.6381288546168,47.08150348919809
1398.0179511664767,1609.9114347296486,1398.1859396528282,44.99559554517297
1392.1440304584287,1605.5686991593143,1409.4782077641246,49.4389669400096
1379.621389771138,1559.9798091103437,1386.1698219125553,48.30136921625941
1383.8039551808622,1600.663797287263,1379.0682197760884,49.14525911542817
1369.6730204005707,1566.9711490027264,1415.0808285014402,47.588192188231524
1398.480789219477,1542.6659882639212,1405.1141525502187,43.85945382480485
1391.0234362912843,1571.508036679557,1406.0673000252011,49.30300057495777
1385.5011816352203,1587.9527500355255,1389.2318302637295,45.70464746043516
1398.9781486224806,1570.7452670400733,1407.3752806346654,45.82671988399685
1405.459559462791,1573.859033181498,1402.7524868756836,47.23448771593316
1431.3979689831492,1602.8713208985723,1384.156724221516,49.06734477000522
1377.3217487065517,1582.1298796058018,1414.2428341427385,48.5799307009286
1417.390715649508,1563.1340337743009,1401.5868332361872,48.359421680264035
1414.596523415226,1594.0406064733465,1396.0391603392072,46.53225942068817
1388.3136089093496,1583.9535113390848,1396.2201025401478,46.50858871086183
1403.0485393187905,1529.567903970759,1379.8477809456763,47.5189155019701
1393.1355012599358,1588.567058275429,1405.9333659963136,46.8048937380747
1402.785328706281,1587.836574154322,1402.6185720724573,48.33397686099403
1422.6369652010683,1580.402422591617,1398.059198676669,48.24517649674284
1409.0840934894698,1597.8340116213915,1412.7848520745167,47.88701198175906
1407.6291255985016,1566.55212831347,1386.1614098100415,43.21105807734593
1393.5453602006803,1586.729995776418,1394.0322752363238,47.1919825455159
1377.739150026135,1548.660812576653,1391.4999174523962,46.83671917890095
1396.872976841894,1588.1418076679765,1397.2120502022844,47.2520384026393
1418.0991223229587,1619.061193910798,1400.6747002525722,45.86851304218039
1377.0924821511553,1560.1028729506493,1404.3001352381136,45.012821134401165
1384.1736594773495,1564.8039573602446,1396.5302654689488,47.69470771996256
1401.894016043511,1565.799691142169,1391.226442648451,46.46554802340191
1385.2301782272912,1582.5999645160318,1416.8600694977044,47.8620394905614
1388.1121482932717,1558.7392745429256,1424.1164019178857,45.99362843347284
1393.6460212740774,1588.4249475738195,1401.4328667188202,49.12386596073902
1379.5157389371477,1596.9367989093832,1392.4321963297914,48.50159726385615
1385.3881723067545,1590.6869442690756,1414.7545413104228,47.44524066281882
1410.5514187518097,1544.6316914872386,1385.5324289367154,46.68006737992108
1380.3894532665356,1599.903353303172,1396.6522667529516,48.278613316697296
1376.0319179825774,1598.7473482850737,1393.038829486537,47.58882172285611
1390.5496253069916,1596.603227446926,1388.4046444954952,47.357876281895905
1410.9793325376477,1587.4568449731164,1397.1997576707822,48.564298114339415
1397.0461728800467,1584.4037862841026,1391.3582792082605,49.13980423160996
1393.0312838282657,1600.647787962528,1400.1265446414866,45.121383223271685
1400.665381962734,1618.470269752069,1400.2717716767247,45.424423838975294
1373.8143885071051,1560.939190732703,1393.7866827647802,45.829608911781804
1407.4205848066256,1601.5625079158954,1396.2948664340613,44.74636310353467
1405.7515254710547,1578.275658039851,1397.6915103209628,46.90587721164627
1393.8603728885641,1577.406538959428,1408.0984606111942,47.90017468286676
1415.0888676769462,1549.2693861923592,1398.5157059893581,46.967872557571496
1383.0875585157044,1574.304211809692,1408.247017407861,46.19881753758066
1416.9186348988035,1560.0547008406318,1405.8581298355466,48.68968663569374
1402.3174049839288,1570.7229114098811,1405.7153069690073,47.210834604810124
1394.9517111518273,1558.036272324437,1413.8784597034598,47.51447445104948
1399.7018954694754,1571.0218322537398,1388.806091202541,48.73135220734964
1398.3910285128359,1571.8777928595318,1395.2681689369288,46.8151370917233
1418.3042434462657,1581.935098368776,1417.6329880029957,50.09032110893702
1383.8498130879348,1547.7050027541734,1397.4268349941074,46.32827749419235
1388.562211412801,1551.0896370450935,1371.8487631009416,49.99692230676935
1415.5445433810871,1587.2382854146106,1397.9703165685212,45.53789722713137
1391.066975972242,1564.051237658598,1401.3493953016325,47.77622735432066
1413.5079961599738,1601.4905958045986,1373.828868825688,46.036201746790645
1425.4915397451307,1584.505394440301,1413.3393563988795,48.679349175471636
1393.9730745958755,1592.1352430041281,1392.8628753613439,46.282651088212354
1410.2204348986295,1608.2138464084178,1403.2856311518751,47.43630678596613
1382.694615779902,1573.8057837638685,1397.7401845465595,46.02418700593765
1411.320999471017,1568.5102658916744,1387.1164858079596,48.40583776049992
1402.9913597898014,1597.4340517119763,1389.2949186536457,46.01637310904129
1407.0955742324031,1590.1902712785936,1390.6491716357245,49.525122267114
1390.316418919469,1576.253393803574,1410.8567190918363,45.50600433955791
1375.0837487664924,1607.8291593391189,1398.5246181189984,44.98155812250778
1407.5487809712426,1575.7551138032013,1394.7813448344825,48.42732811711863
1369.0489527128082,1580.6554727511157,1390.6539108740976,46.11253453960472
1395.239742616362,1580.4244530166852,1411.9615022152614,46.989144029825695
1414.1177279962994,1561.3081221020307,1414.6420127252359,46.51663826924642
1402.8784660380954,1581.5517077897277,1411.8474389870669,45.03108759927096
1429.2251396718473,1607.9352035479699,1404.9243733915416,46.88450950379249
1415.3766372887267,1588.8993663075235,1402.898300418707,48.89737384245845
1390.1915241751165,1580.6212685279786,1387.840621820241,48.50470550495835
1400.4097006977715,1576.7646543766866,1397.5418087328894,47.34768914393889
1399.2894394618334,1586.617340568127,1393.1613979665356,48.66840243955266
1376.267348549808,1594.9953325697836,1381.744878910153,45.41072212295874
1385.8940162527347,1592.184776617795,1410.5704341916537,46.51181850664249
1391.5885863953022,1573.3627027635605,1393.0417005360773,47.59370741109531
1369.456692457161,1586.4956318822024,1411.959419074353,46.80437775977433
1400.7124020237748,1589.5987948229656,1408.8174640076002,46.62976500428516
1396.2639223302044,1559.8561002494605,1405.5671797663342,45.199034401518354
1374.9065914803264,1583.364610823674,1406.1288407176319,43.87798791703593
1406.06319297916,1536.7739222739528,1393.846861179263,48.226799637424456
1410.7380911703644,1589.6506741964238,1418.5785015129065,47.36483235987834
1403.4055171829734,1593.2068610912536,1400.4312543095305,48.35299756731514
1395.1389773718654,1594.9509225157292,1403.019316851187,46.344146086762436
1408.8716322762778,1572.0990629566086,1393.5092366643337,45.93083317275861
1410.2033054071503,1586.1809367004807,1390.6883473922303,47.009821949954954
1404.6110535457954,1608.4790769108233,1404.7729600880941,48.28129947291922
1387.6308162434786,1608.2753929658252,1402.1751349593878,46.65282167751852
1404.1490114826677,1579.4165460154688,1392.1064763409743,48.20267777649273
1417.9322097623822,1582.7863926145913,1385.615732812246,45.49053799161037
1391.050564120824,1602.2182228946886,1387.3007691267246,46.7578293002452
1431.4690900869864,1549.9839596947565,1411.961337170911,46.89482878388295
1392.1155359902193,1573.5384851464596,1393.8674618534992,48.83958491588288
1400.486105200102,1606.711409110735,1396.6109145432417,47.31144109702386
1389.912716059905,1599.5040108336952,1414.5034025875907,49.61911627744129
1403.349062538804,1587.385275552998,1388.778494385136,44.97847280007878
1373.866674610471,1549.8833518933875,1392.7300517428293,47.19487835661692
1391.8093730177493,1579.0017953391769,1392.3123317143932,47.26909705877067
1383.6181819947715,1568.2016920750013,1416.1806848116603,47.9301397963803
1402.0300752183844,1586.6207780563443,1419.9338350058242,45.779960095326665
1414.9167106326336,1563.8130663041024,1407.5156322540217,49.52666950911625
1409.6900928067182,1559.485532100508,1407.8338472415423,47.01944591220764
1364.4251095871166,1538.702694446327,1394.1964499714727,45.369398730597624
1430.6310447939181,1604.436093699534,1419.4732848690428,46.975962514379574
1404.429199109313,1572.0045897711389,1402.6769625435866,46.53025771567983
1388.352512892605,1583.1429156740508,1408.5311026444974,51.174852713370996
1402.356918784864,1579.9552376705165,1398.9447506122904,48.57491539928752
1402.6428473375404,1558.65132134079,1397.3196741267238,47.07449203356233
1389.9972692457266,1554.818701771036,1416.6304225959611,46.83212497220119
1402.968750010131,1559.8936974800554,1405.3972367973831,48.4265852937222
1390.8879156856954,1565.536631223412,1414.513754610704,48.49829324049232
1393.9345701096497,1587.3321249402761,1402.5532817174505,42.63267512101903
1389.7058129636737,1564.0856467295878,1391.516334635769,47.9644897321
1378.5099306539053,1614.9298126318924,1394.1665706712151,47.04194981596794
1402.1875470532307,1600.543020717863,1401.0296524246462,45.03328426731954
1408.779491547745,1596.167190993314,1393.7349978395666,48.320321209436266
1407.7232539411457,1577.606821950537,1388.9253859137232,50.369282020337394
1412.2988787895285,1610.2856147144096,1412.0141703178701,47.83519392024167
1404.865103150223,1575.6398873775775,1394.551299291765,48.6506426633853
1392.0091175267464,1579.3747717169151,1401.3819274779132,49.70617863794661
1412.5949579664677,1583.3994907949855,1402.961335898856,45.754606773919924
1379.637236902371,1594.0364608108669,1394.1184687467944,44.213642832249626
1386.489929262313,1592.7381615800598,1414.5079946630874,47.985299094964255
1385.5369989286514,1570.497494431108,1388.828582387954,46.628582695337826
1416.2008408870897,1569.340125611481,1402.6162526358078,44.93873982144269
1414.141827712101,1592.7980591430417,1402.461177063766,46.88274509579631
1407.309578555675,1594.3047316778247,1399.4574539713585,48.09132106068593
1416.078947978177,1572.1329775035426,1387.0308738672802,46.77654250285346
1386.8107582638202,1548.256238606431,1408.7081755186346,45.819758553897444
1405.2289267979147,1575.8536780798352,1407.435106703346,46.66473940955523
1398.1223835742526,1592.4705159765172,1393.2443147140877,46.97078530204798
1412.7032315582737,1616.1083369283956,1407.0748720720537,44.10577660606088
1398.2716365117171,1556.0408407531868,1403.7490768630078,46.78583757024396
1394.2258566738487,1571.4685749433886,1387.193878546389,44.98348929178266
1408.1136277784149,1572.2119287694925,1391.4607108542864,47.988538928031645
1413.1425375078684,1607.11610678863,1411.3828144488957,44.658436136619834
1389.974822077298,1579.3011699908272,1403.0941618514205,48.5190383068264
1399.0838649297143,1561.8534688125546,1394.3569705418938,46.38625239617909
1384.1233904953751,1591.1739056584363,1391.4152410882737,46.18553643984198
1362.529084737606,1571.9072295991812,1394.8460620188457,47.44168189595296
1403.006894471206,1555.5122545328409,1395.555204701223,45.70094833216491
1409.1335803438194,1562.144533854477,1391.5403696737076,47.4181186311951
1403.9310021363008,1614.6808390884523,1382.582358876167,45.901836837967444
1370.7565742336844,1587.6841844329892,1411.400132864008,46.16489823151284
1394.7372585488529,1582.155201109051,1409.7063367261144,47.6080312539937
1366.724783599234,1575.0021252837591,1387.2674454819314,45.29212889939843
1420.5455166148129,1585.842976842376,1401.3631129556368,45.10349404735646
1383.7091812682288,1585.60471892005,1390.9776179728524,47.372338261115516
1418.8310541418984,1585.8433765641464,1397.3843277677347,46.959650221265925
1414.1880446552623,1582.296901805555,1396.5523342012634,47.25303911721409
1386.4911447119591,1597.3759667661109,1395.7216578428213,47.49145885508213
1383.008225730984,1580.4620869200146,1420.0294708407628,47.08606333071047
1405.255553245795,1560.4412232889472,1395.596743153238,47.9121389359506
1387.3351394422539,1567.7515421819826,1391.9173617493307,47.14615443046799
1401.5372696323732,1540.4196261302059,1392.3741857050295,43.98904415048705
1392.7575861378962,1620.5363423208478,1410.4377695640176,44.37817310800722
1373.2826237830154,1597.2550918390536,1383.4789766830706,49.89192377036312
1366.542979713133,1563.3985900974153,1392.3737708356448,47.000107800588296
1403.4002637274189,1574.363103012058,1414.4682284011153,48.425362477575646
1391.5766338050407,1567.2624705158714,1402.4398618799764,46.481444141559386
1391.703652746288,1610.8509442274824,1401.9192200503612,46.9129773584091
1410.4379575864068,1551.6024567145814,1421.3214646014371,46.319953018593736
1417.6016341494867,1582.2895211763755,1402.463479529485,50.698890997192045
1395.9118291795728,1577.8294431487031,1392.9181383864043,47.379863633546215
1394.891019396352,1596.5367726141824,1397.1792294312365,46.19771314174071
1407.5021454967082,1577.9198154455062,1388.6456769096942,44.52269042985471
1379.6459664545064,1544.8358224668914,1412.559370400157,49.96060016410378
1403.3472958212155,1574.977643307151,1405.7456171753672,46.75508242215754
1408.2782895773323,1560.5567556411336,1411.2441414997088,48.11634367934239
1410.2034531262645,1581.5915909311311,1412.1298392854937,48.28399593545982
1370.948709462463,1608.6835407304065,1395.8578921907247,46.305754214854446
1388.5796709528659,1545.2114951153544,1390.552471479911,48.008679163079236
1386.826051207648,1563.995545292002,1399.4828688869195,46.093792569872576
1401.4983043161383,1568.9461409243302,1391.2723892921147,45.51436045694088
1407.2111686965197,1572.3673780917359,1401.6495687540903,48.74669703876832
1422.4506561116898,1594.8025132821049,1411.3209688083468,46.7627159302667
1392.5755177944789,1576.5291116487722,1398.3186035395083,47.777769250403985
1392.5364125253618,1588.316054514409,1401.4999508990775,47.616381490822654
1417.245080283181,1567.4845391253646,1399.0615438377663,47.95689794008293
1404.4486540779546,1584.5984869083588,1408.027275724377,44.66519459869756
1419.0147726678197,1595.5559526175543,1393.322176057117,46.122064203025445
1404.3309200451476,1565.3540090052581,1378.035537383569,46.513287263755366
1382.643250719301,1595.6271623961302,1404.7086885937538,45.75278199064776
1380.003074678333,1581.0474553745514,1409.87834421308,47.643510272024585
1376.727316264116,1600.909204809645,1404.4637424475854,48.780339616393846
1409.9307775213772,1575.9716019984605,1393.5976950453198,49.017776983019445
1417.8289523463052,1587.624893103242,1388.6498790181392,46.49119285218517
1427.7404321207957,1579.1878753664294,1404.9449753178033,47.43794879368686
1412.6465799848486,1578.0757547591884,1401.4147895293468,47.668465256735146
1417.4425786630247,1585.1786085645138,1398.7420737234168,47.9318841413053
1391.2997550101948,1590.736149384498,1418.224633429938,45.68279739039104
1382.6537627488422,1555.00870176152,1390.5319990581868,49.73087040239745
1412.7511899862634,1608.6726721763575,1417.7503702112747,48.389780276519666
1406.265211283591,1542.806739189004,1400.3178390487064,48.428974015538664
1401.6116656151135,1566.3037578052222,1381.6442952312912,48.805190085350596
1405.810572209495,1578.114618584702,1398.2079734568085,47.80120391339898
1404.8477822368732,1588.247119381719,1409.5949607659943,45.45902986542354
1419.2572528978035,1611.5234505548276,1396.3494496719502,46.79154090266734
1419.4247837722544,1542.8341702354978,1385.252214587616,44.523419907407124
1408.1633052851053,1569.8461174322058,1398.3548546820382,47.62260876454862
1412.687043088444,1537.4633302440147,1391.4282762610828,46.74617951275168
1407.7109382863716,1580.632439478205,1404.9181440108796,46.9392164247096
1393.0824540194808,1585.4336716900007,1407.733998160676,48.80600169512848
1411.348470123697,1611.8159148434252,1389.4372959225188,46.31450894216531
1379.082573967111,1582.412695217869,1392.9419594488436,46.62181526184189
1415.8083732844382,1600.8805025888475,1407.5664246510694,47.032959943944824
1382.0821559035094,1591.6767416307812,1391.4115572170103,44.24001162587955
1404.287049301921,1571.2950360598966,1389.17841864172,46.600904516357
1387.3226906236075,1551.8207850641593,1388.2130886820376,43.27130763157072
1408.3008347461164,1585.5000459658363,1403.5203861295813,46.12171765715639
1399.4911216110813,1550.1579596570928,1403.0915771951748,48.282783580089244
1376.07866062755,1605.9041414533929,1393.1595396962095,47.6708998373766
1406.310494465277,1576.7587579592634,1400.0508539612824,46.107769534318884
1391.3311883475094,1603.9035482302284,1415.2713238415513,47.06119732733572
1413.2172008122006,1570.395711317352,1390.2593984308178,45.38751564930439
1400.0198853310162,1585.3770157280198,1380.4825739098956,46.99648489527572
1405.9313147808207,1584.1869771466938,1404.5507557572037,51.39548042823876
1385.636465674772,1579.0991176397815,1398.8959883609841,49.7687019805579
1391.1600165285895,1571.346809732068,1392.899749131849,47.07893319502589
1393.1204204584837,1587.8491203694105,1406.520802373549,47.24021624737306
1412.8505372036384,1561.476734730336,1408.3922514466879,45.53065202804817
1425.1606563170824,1555.8112934208189,1377.917219801199,45.79731633807342
1387.9224237238568,1604.8565378665367,1393.4740209066852,47.543276483157044
1416.1527221698652,1594.543359777842,1423.1751623119685,46.21266115154527
1367.4548387341144,1581.3178321720447,1405.834049157982,48.356224392277376
1382.0871589836156,1613.3028476508757,1406.7610363829715,49.354528521466634
1385.6183231571983,1574.6446896255031,1411.7289427863147,47.498931177171556
1379.7123696583892,1606.4540643997796,1400.1706882519973,47.15260580875989
1376.2461741531863,1583.5114816985165,1407.9668416009163,44.47883056263402
1406.194983682067,1559.504984998472,1407.180620438372,48.12141536790808
1396.7889845340821,1616.960803835417,1405.3904149675275,45.28449304769141
1405.6910809640767,1599.8142169324817,1396.779880293826,46.37298630704987
1410.3570902918227,1577.5795793798088,1401.7205892236625,48.439363838577705
1403.984254897588,1594.543425190679,1394.1163843569323,48.54463724646355
1409.8664476422557,1571.9259313200419,1400.128143045665,46.300238708974824
1398.957015706366,1596.5829807011908,1388.3150910790073,46.386626697620024
1382.1950991754138,1532.1784286943207,1392.0937600872705,45.95102169011499
1415.867212712312,1559.6039733261082,1397.1768795807507,45.203219382011135
1391.163318008283,1599.5851948857392,1390.5629456856993,46.047806776843636
1385.9660555185635,1575.0068892356217,1394.9498272925482,44.58030497162797
1397.331231862934,1584.1508458977748,1398.3607402324449,48.0245938722624
1386.3078362105523,1553.0642867576912,1404.0226234466438,47.59178540774281
1393.7385442701586,1616.957339914042,1409.4925730185291,47.84079392730577
1405.160808823452,1603.8105928743535,1395.362156286219,45.56839392413728
1405.225126088692,1575.9862956324935,1413.3510461726862,45.20739415472742
1386.5325490036155,1571.9060828627335,1409.386110786255,47.08027141147034
1392.6844194057687,1600.592087228394,1405.0409383194394,47.096153847425335
1416.1149950715537,1619.6494090033787,1401.5364912929663,46.779095258730585
1407.4460017660092,1599.0752051162272,1403.1912084186854,46.565775096218225
1431.125975590228,1623.436053347932,1411.870511506664,49.56616366654158
1417.701922606123,1561.5529734187617,1412.2357965975928,47.63903751768947
1417.164396028399,1563.6122633900243,1413.3494672838365,49.95601758719974
1379.1819717431629,1556.221177638933,1400.41326831877,48.90344753814745
1411.4579052745014,1588.8352129929897,1405.549671649986,49.554906389026016
1399.2033979745463,1583.5120709960875,1413.4354650662206,45.388305850466
1391.7352729469262,1576.9609775305603,1393.762839650836,47.88975648649704
1402.520230107988,1596.185172562466,1396.815831462817,46.35235176650994
1414.1781730191722,1604.6465721042932,1400.1603666301348,44.5049199329607
1407.5124738650632,1549.4867518142632,1408.995987379794,49.24400475433329
1386.822892979869,1568.0605594419776,1409.1517215071863,46.55946121144156
1411.1368837038892,1596.402871882461,1397.6913588880207,45.41734755459997
1390.4361868688604,1570.6452263228284,1384.9139054562029,46.37815420512696
1403.2502467844643,1564.0358784728369,1402.4618394429597,45.805663815839274
1395.449748987843,1600.3707485530078,1390.816838626716,45.959453048575
1396.7170062239657,1554.2099986055205,1385.1006379535977,46.667594914726024
1411.4936446256077,1573.9684038441778,1387.3612843926628,49.596222789567115
1384.3970942027615,1586.5728805160961,1403.2638100784557,46.00052417518306
1429.177926114154,1568.5236017217976,1413.610373609328,49.48890599632878
1372.6837089605826,1595.6631131202635,1400.3889451623625,48.273255193969284
1391.034984751177,1568.6224604960526,1402.1138065464597,47.59440734537913
1405.553178349126,1608.1723898689183,1411.8289493887792,48.122180048377814
1408.7647124965297,1577.4850740500844,1384.5554509091644,47.02048349575619
1398.4928641914244,1593.4254027341071,1405.2017642160026,48.92907515579514
1399.1391394549769,1594.9204790596564,1399.8841021568119,47.850470394900654
1406.1582512799143,1567.4491999451186,1405.6605745883207,44.50300102246173
1396.5339578381347,1538.9302690268823,1395.165160915962,47.44437789783495
1420.8977188690235,1587.2151150932766,1391.8206270957353,48.175959714488926
1412.590236713474,1581.4457669424974,1401.4050890428562,46.56649817209817
1413.0923652650845,1591.1165205515026,1416.4919132333446,47.1893838090709
1385.5076491494438,1575.4694505523432,1408.6091010454147,46.080713007988386
1398.8091736339145,1571.3914460239857,1394.923072298199,44.93356151590466
1395.4930107691894,1620.169460219634,1386.5902796401872,44.67443469360314
1384.915979364658,1550.5529187697844,1383.1793271630222,44.69439801939671
1405.4024627591864,1594.6790095672848,1413.1609945185048,48.0035671137058
1391.9353136333027,1568.5079628363321,1390.4491771186417,43.264577437435506
1409.8310574477537,1573.2844276451915,1396.7448658700507,46.00028010955478
1383.947126556585,1573.6579433485206,1413.2121112607758,45.85152007213193
1425.7856091926274,1563.931314516575,1383.8609854452102,46.5767606960188
1386.555010121119,1591.4244842047249,1414.9226450947506,44.215352675095694
1403.2895350580065,1607.8128719189992,1397.4635954610749,47.60583214211093
1411.877889655821,1589.4002732249332,1388.5141668476126,45.09025790876015
1391.4403935469984,1582.0676399242418,1397.526490728511,48.69860831106391
1412.7870296514943,1560.271190018015,1392.7740321859853,46.06735146861675
1381.5622460329937,1590.336505316489,1404.408197989057,46.85658046488212
1421.7817654877383,1623.126992634586,1393.5186756611222,47.00566078483281
1400.2122389744864,1572.3861075240982,1380.8835778908096,47.36636157929086
1391.0538288804669,1572.4803284129628,1397.7943746559101,47.05552156624422
1395.5122734135884,1568.77821738038,1386.4345494771346,46.35933417690105
1412.1337890408909,1570.2117153101117,1402.0431988398832,47.514572796041065
1391.2331706222435,1525.0940089265523,1388.1286966771668,47.69922069574243
1388.7596346586583,1588.1007077171143,1395.119871968279,45.85229799933557
1396.676951036244,1563.0889564729077,1401.8258780421434,47.63955172846033
1382.3455683084505,1547.794737624164,1397.8754127496572,48.787580453602544
1427.3081586191272,1595.063798994651,1402.5043028300104,48.05884129415683
1391.5040811317792,1558.3596442991613,1406.8028716571775,48.39856286247078
1412.4742517927061,1573.2266189223249,1388.420663002687,47.25788127336117
1403.1420512547165,1609.3288478237716,1399.3560245937529,45.59577433088768
1385.2319892427704,1551.8156840395097,1366.7049620249188,45.785533310444535
1399.9106793618091,1549.3480353080447,1402.4733330168253,47.47983195178162
1411.7600416896612,1585.3861237912467,1396.9918586962515,48.41414558772846
1397.1760799737053,1602.9897472802074,1390.1655023652204,51.178867870991084
1417.8966941877654,1548.5131656453607,1403.1571942229652,48.472732916657904
1415.322730891728,1588.1537947367435,1411.7269757718507,45.24434636375375
1413.783722819875,1591.6199907992338,1395.2398225240106,45.84909114146003
1393.105148415905,1538.8167903261535,1390.5518550975828,50.417775973934
1383.8023632832776,1595.9700267581445,1401.6502526243871,46.67841660203483
1390.7961859195582,1597.5321175968436,1386.6439333335363,47.071271952141934
1402.943614110001,1573.7642885348796,1393.3961862946446,45.559374619386155
1408.1868007029852,1605.0469272459602,1412.224021616505,49.347655108361366
1367.4264289285934,1602.729111486497,1400.621792298123,47.75049981098094
1399.8783019758237,1582.0623585143442,1381.2053303605383,45.83809797817203
1402.3713383798477,1570.9710921935014,1382.030083527206,45.50926206671409
1395.8368361552668,1560.5434421483408,1401.6208569264677,47.46080591884681
1419.3691075852382,1579.2487298126762,1408.623905759177,47.06630926232068
1406.326701113763,1591.3951783940836,1383.8237854137385,48.24816532583169
1419.6528786212134,1573.5164627791871,1404.497126074965,47.8204527096908
1396.7605921947466,1536.0499798947594,1413.3034350748972,46.603279476847064
1414.0621623876038,1605.3742778915314,1418.8785898795863,46.18429760680795
1424.5259959179127,1583.804464436898,1403.3122275985988,46.76008677755175
1419.67540173909,1572.4075100664634,1405.0680259455248,46.17397873001486
1383.617876098569,1597.1431677684657,1378.6681557237187,46.804706700792856
1396.1948588368643,1610.4927719296552,1420.99752547996,47.024661392929076
1394.822529418253,1523.9617686102422,1394.2450978690388,45.65310365992991
1407.338818026145,1588.6852729984414,1390.6652884157495,47.94601979314682
1410.295303325218,1551.4670157837932,1397.4479386556038,46.444358428295494
1387.416609889614,1589.982210135979,1415.1167341418543,45.73717347457198
1401.017577708754,1582.5585440474915,1422.0804604754355,46.4725888575772
1369.7010900176579,1592.714530528811,1401.2540867947585,47.36338723493043
1421.6291750870284,1570.015047710107,1409.9808417260365,47.12455729971995
1392.3143863898497,1542.535197763617,1400.432040486855,47.633177172356696
1400.8379590976674,1570.9926361748667,1389.6220452698183,48.347519187613294
1395.3552542901791,1588.1369527027957,1414.767436707883,48.95741030601205
1417.1904136252012,1600.3078465735045,1393.7787251964362,47.42822924403208
1357.4374033790393,1556.5633739905495,1415.3553077337187,45.39589641914675
1399.7508448651113,1600.5412085374603,1412.985413297691,46.59633379620455
1398.4127186375345,1567.0425542070695,1406.140362639572,45.49352242342549
1393.1954541861248,1587.2489976318905,1418.2897475625434,49.545281110568425
1425.8933981845346,1569.8021209426875,1422.3234603318574,49.981101323790746
1386.6900581171635,1583.643412554242,1398.247566370357,47.97546679624451
1411.576942658535,1597.8375526914056,1391.9120588158357,48.28768826395854
1405.3437918305913,1555.4597184542292,1381.3573016274354,47.37641478985499
1418.9227887880327,1566.4018820650633,1422.4468225543026,47.54908387319119
1389.9921637283373,1583.6992517468418,1395.6031799108155,44.603818672506314
1389.0054665131436,1628.031673220607,1411.3503685710175,46.88910145211464
1416.441048612161,1562.7362057566634,1392.5874463249052,45.67827040648061
1406.3798196249516,1620.8026777199384,1415.3826564091203,47.42203480630756
1376.8259397998486,1620.0884660735035,1392.998824081846,46.910585231917196
1391.910424783051,1578.0537769859682,1388.0828086638267,49.920232943519174
1405.795739807721,1574.036949476002,1397.9149356904625,48.37494153308426
1412.5664633231988,1566.1586960267061,1394.6822429903837,47.42676797378247
1389.8115402021056,1578.6359493933467,1405.962997854612,46.59959046929056
1356.2861601527459,1551.865611348809,1399.4860507280748,49.51403218813989
1407.8483477860555,1578.475219653588,1406.2770239455192,46.9550680308102
1381.6951896508403,1609.937605477017,1397.0897852691471,47.49751094245292
1369.7399180281639,1567.7782987504656,1393.348926289812,47.06337440664025
1357.5151111252378,1575.185513920219,1394.1643945210392,46.393769141439016
1412.2097129029662,1545.9771905146551,1420.4493879803103,47.05475933357828
1401.9292617560745,1587.4812417626208,1402.2517093222693,44.05704972398252
1396.6151542893163,1585.2896336990275,1380.1623779054696,44.67844039813822
1420.8353654444413,1581.2740471953155,1394.7979098654591,47.52444581250444
1409.559870245346,1575.6634589955572,1400.9686603247587,49.35229953579123
1424.2445006408288,1574.144841624551,1418.4539968125039,47.52233165621625
1379.108967917495,1590.0380046740133,1410.286987158899,45.91944671765502
1399.4817406406905,1579.4236679682276,1390.7828216351809,44.835719368899
1375.7492993757799,1586.2994374311068,1424.1835575357245,48.176790890713455
1396.559265022168,1584.299656349091,1399.6883963519851,46.14920727347735
1396.2707621934999,1602.4685457419152,1412.4632981107495,47.96485312782884
1409.3992045589462,1593.539881947501,1388.449915026001,47.584797737098576
1400.6834582171284,1583.857236863004,1376.018369047491,47.717450588382036
1409.3511070741988,1610.3684406130435,1385.9156850963163,47.05040256103033
1410.5516019970835,1588.4053705811311,1367.4966652380429,47.57546657745446
1432.323930160747,1606.0992537758084,1421.120893272529,46.8208183981155
1395.2705501707082,1592.1388521677327,1402.1453291888643,46.0470401984477
1385.8846594900044,1543.1616184213692,1390.7535598155198,45.55475140922592
1403.6912542297462,1606.0966952663866,1404.5262402998012,43.42248680304353
1387.965799592907,1582.7035248268535,1401.8933403618016,46.728335656393234
1422.2294115265481,1578.9609045819846,1406.20933395614,49.27906727442793
1395.7517294158215,1585.6269669497915,1412.0953140113627,48.095120138806394
1391.5163544818902,1573.1003367608587,1397.10078846975,47.341563677713935
1392.9302641827333,1584.5405772077788,1391.2016069389902,45.89899250856627
1410.7762613520747,1568.1624786731381,1408.2777521437192,48.496008838638616
1397.6337952515278,1605.4854451746874,1408.0233277788448,46.82103603229546
1390.3749976980444,1577.728237727579,1401.0073580812134,49.36240147068359
1424.980278764353,1572.3483231455514,1421.7755418868078,45.528369105057976
1387.1574523900738,1561.5014836856146,1395.6217787713836,45.875045708041014
1400.5334911104949,1585.3755157829728,1391.0014202836473,45.72909508367056
1409.7845922741535,1583.7421420025019,1404.180914275066,44.77682244434898
1375.529973343744,1587.7684922735502,1393.250621430865,45.59443297221236
1407.203907521089,1559.4549622498973,1404.9551652414489,47.15482438964888
1384.1733848677932,1547.9763760237686,1391.6699174416055,45.93169846272406
1412.34174171251,1592.5118260501313,1395.997577170681,41.215437006139105
1385.5602348212153,1609.69283723753,1418.9084042003917,48.61140994613018
1410.391535477733,1559.472927552202,1395.9441264325233,44.47385940597889
1416.5874959944206,1611.788825671234,1392.011484559827,47.88384242732995
1412.9215478844922,1585.6782211747277,1411.706787887065,47.04682188450435
1403.7697497235715,1579.8587419089833,1389.4895804971331,50.176059224630514
1396.5304858560546,1572.0490260690844,1393.0705676985294,48.49543622228393
1391.3537063549772,1552.3096396115,1405.76561120509,46.24309310677254
1422.0655203622566,1599.754570318492,1409.384114238733,45.946904656467034
1389.5075716974854,1564.487872771248,1412.2047639108107,49.25409152119893
1384.44400889645,1564.403866485248,1392.5277816777952,44.78619335434788
1409.9805340254925,1599.8385261977392,1405.9600867298611,47.28631990387806
1388.0579479522025,1542.3403310665656,1395.3389180045583,46.80331930512549
1385.7490475380082,1549.5280437866368,1393.9434436648937,46.485160896942986
1378.3459360674535,1579.6373151298383,1412.0321278229228,47.53027097667264
1392.7563524080922,1585.865688580097,1394.5044560414042,47.28433979076301
1398.7592746415526,1589.6946929593785,1402.7820459602099,47.686101114187615
1403.6463759149105,1573.9640301320749,1401.5557946923063,47.20846347854493
1414.2695936644923,1630.6073933728337,1389.292456236615,47.62652210752587
1407.9034688549868,1575.4421488246833,1409.6609285535633,47.14004778939739
1397.1369167067023,1575.3842769579455,1405.6028089367896,46.01085966917553
1397.0270648543042,1564.0602666237226,1380.1370938812959,47.006001890354895
1407.6523620337277,1582.4781363304214,1402.7742111123735,45.92842016044397
1419.0885524439286,1592.2992246409356,1392.2702656583338,45.82943509290372
1401.894712992248,1604.071561090669,1410.9707530641263,46.49577499592337
1392.9630371868438,1550.2143147111956,1385.5460016321924,46.820865258896234
1385.1070099837168,1575.080093232886,1396.4352303137046,47.05283795952172
1378.3219210338166,1588.9340722161828,1403.6202455098846,48.374568241045
1409.9940450806528,1591.7411506918907,1400.5434029414187,46.25230387618873
1408.6696778545934,1580.1309731560907,1407.6295825671398,47.29527788971223
1408.6604528766,1590.848479390642,1384.815780139907,47.177041570915726
1398.0701083047193,1563.8207221414839,1416.5191433686737,46.0870575688009
1421.1040211883762,1611.158108646367,1405.2514465878828,47.11061117930982
1392.7382225812278,1599.8525620595885,1413.597182130009,48.50408212276597
1414.329038558108,1553.1014442586966,1408.7424016923324,47.2797593253251
1399.418856575157,1558.497939037665,1399.8838988554496,47.33987589354096
1390.87473852981,1559.061564997862,1387.1580178908885,45.942007503586
1408.8879546097664,1593.5593994179305,1394.364468187513,49.953288276807314
1406.14454178026,1554.3054446716505,1415.8956333286258,46.027465444516245
1405.3545913890039,1573.3795133158385,1413.8543778165638,44.49832480917878
1401.219176330843,1589.0940879283355,1393.8040001989632,48.29027618032711
1399.4316037742476,1578.6766813090712,1371.8169571379783,46.827774440527364
1435.8255798930566,1585.1777503142541,1397.8731026569487,46.545437268579384
1417.7638496779425,1558.6839457730248,1397.1229711187088,46.18166932938271
1410.8424034247828,1591.8970874679449,1397.5022738795963,49.80757193647376
1401.676987373051,1567.73576215048,1405.285392018314,47.53188541790703
1415.10735800895,1573.507606512041,1408.7621257932167,47.82462683246763
1407.7699216458718,1584.7546345581197,1409.9029954709952,47.243923435373404
1400.3930712916106,1582.061564430617,1404.4570914013536,47.40507442016779
1395.4465351210113,1580.479600380312,1381.9922929807735,49.09793691583912
1398.7862399350597,1564.987463560465,1396.588002673067,46.623718008158455
1352.4436139618292,1574.0090117760162,1423.040897835492,44.814593681718904
1403.1590125894647,1580.0436718167407,1403.7421673480249,48.302081981341665
1392.6728587983446,1552.4982953366582,1403.6781956844386,47.745052418363585
1423.8900499742433,1570.7493406737324,1403.5948593977387,47.161969719327566
1400.2901610621764,1587.753597580657,1404.15379622506,47.70612986232168
1382.1655487069756,1554.4512679230932,1376.1688781891407,46.44388366955874
1399.2517976880783,1603.1316330318848,1397.6047568308893,47.03103887428139
1384.3081837240625,1605.3922652519968,1399.621071682053,46.80244961921014
1407.101111235687,1555.0969884807982,1412.8149539925341,46.112767614393626
1404.3642104650924,1607.1523926610028,1400.476728946223,48.783759174657504
1414.367594466624,1577.1283682257574,1383.5348861339805,44.8816120588733
1388.1367731245816,1588.370291183141,1404.3008915617174,50.54132325771945
1400.5101214434221,1570.0669789574351,1391.9617535175726,48.316043313809715
1379.5246730686006,1598.4608965445352,1387.8321435891858,44.333036697946476
1410.5224217288708,1588.1218803769734,1391.6584095328342,46.66375050576361
1407.7830677066017,1563.716934868048,1405.4250422966452,46.74718112614466
1407.4370753154135,1556.6959600006942,1412.5876123976007,47.58782994341317
1400.024285470354,1550.7939512958155,1404.8292994517758,45.51593259389042
1406.2215933618318,1583.758835528655,1406.32023223617,47.04803801505233
1424.065086624629,1591.4494282355947,1404.73045272838,46.818320902816026
1395.7235861443698,1593.0193135755887,1401.0132717686047,45.89357245613984
1402.0796777556513,1577.6403781078525,1406.9693063496277,45.68487165279315
1383.708105512279,1556.8600708867127,1375.8122453293058,48.37820697005353
1386.976085576025,1566.3585040395244,1401.1108835130483,44.45512618993611
1401.4671993963996,1603.0469727792386,1389.5507496537775,47.71681840414408
1416.5590032005287,1570.3074287079983,1411.6290257254414,48.196265460317186
1396.1557876362265,1582.8683526136294,1398.5284469478313,46.672162492492376
1396.4612520603182,1558.4869903285023,1400.3094808826784,47.07855925958749
1393.8967213324345,1586.7316609091806,1384.949281257462,48.74524249954607
1391.9786499373351,1570.8463087664184,1410.1683088901286,45.94272273391392
1404.4245718356324,1600.9342542755153,1406.2732812027382,46.09752135666631
1377.5411353223203,1595.4711541241363,1405.569478823405,46.25677447835104
1419.214093650001,1570.085881068502,1391.8697714783118,48.74798839883492
1390.0186655280581,1577.4667194530468,1392.2636015506187,48.938440620327064
1410.8285522815722,1568.9776751991874,1402.2359945444591,44.90616464830457
1380.9500210390918,1551.6113360690997,1393.0550158975195,48.509361120967455
1410.0326019581933,1562.8511514090558,1404.3489296267735,48.22836245952092
1410.0791691172174,1583.9643465544164,1378.3908739723329,49.33039221567474
1405.7630310800885,1586.5051899645916,1395.124554435934,47.577662048189566
1385.0835721730032,1582.9709580718527,1417.967534654265,46.93360981958214
1403.7432228439711,1573.9653389208272,1404.3948582799576,48.71782502985749
1382.2541572289842,1598.6613321144198,1401.66793664531,48.048355687252645
1396.2085511735572,1581.2708380912188,1419.8522653567136,50.36734762122309
1415.44119651433,1594.0650765619189,1376.6404638119857,48.43806176744274
1411.9505289060612,1544.5244973559497,1391.846888852119,47.23032196463587
1400.2277441381066,1501.5519949676332,1395.9882682825262,45.23884342943575
1385.3779013611575,1585.6757605567616,1408.583512330054,46.12862423420882
1409.683815682613,1551.5046869255702,1408.7565636322825,44.846067532957974
1400.2907185654703,1575.750965945739,1391.3399329101737,46.67740694590871
1365.1952660265435,1573.958059179508,1409.9795432214255,48.389101389849266
1411.7394473947477,1611.7480120483108,1395.9668523267828,46.994493367279226
1399.6365074919547,1587.999931058872,1412.1163962564917,48.53258790314011
1418.036768719746,1583.3171805359734,1389.6735730187795,47.50636060015852
1383.570942217358,1596.7398230926735,1398.7668840093384,46.39536156536899
1352.34944280206,1587.3699517367809,1395.0983268462344,47.13143773275495
1404.1862578751777,1570.8464601402313,1410.560303715657,47.70814503658264
1404.3734551502296,1601.4295186050913,1394.7721878343382,47.20883509769543
1374.6399255859033,1557.8049974422345,1399.5755147098823,47.22602634327787
1385.322506812001,1586.4649437506712,1405.0681139766305,45.84642483861994
1441.3282661557985,1549.0486041172737,1405.4525848302612,46.350535602136674
1395.415840787693,1584.0788771503198,1408.8695260747318,50.38769119423197
1410.9643846456433,1583.8597928354586,1402.1112477684467,48.842699735635314
1390.2401025894742,1613.5290992382932,1395.8175108472017,44.78923865478543
1368.6454565172025,1548.7005221311645,1396.5030125464125,43.449546563740455
1397.4461262980615,1567.9822564829237,1400.2567231520761,47.114288632173086
1396.0159315957085,1596.453648531483,1402.495924760744,48.34020934163898
1394.0018264199743,1586.7063451279462,1398.5282835215157,46.220087243866686
1398.2803874674041,1583.6061010267501,1400.1920342096555,48.53248809229691
1403.9640240746846,1560.8772859408293,1384.827461394279,47.089481847510626
1397.7482457311928,1568.1836330381714,1406.6735528445467,46.75540808040954
1381.0399074807895,1604.9008201644651,1401.8111228888943,48.13417276426277
1407.292771873429,1578.9698161249214,1410.0187041354109,46.202186310646596
1370.7594236701636,1587.5071939228894,1400.0016050740708,46.56994051729452
1369.244638140737,1577.6962334244704,1382.616024214782,48.005250893195694
1411.0877074205234,1556.3382896950047,1396.4155381069334,46.952906094400966
1407.6053040820304,1598.6762085215,1398.000700768816,49.8631644100666
1399.1390695238895,1590.06464769065,1407.429033054336,48.04073811928403
1379.068272428674,1626.112736747344,1379.2972645548662,47.94322074249914
1389.3813358898888,1559.6883724069892,1400.4117951694893,46.925743030902396
1396.0587987847025,1596.4514584240096,1405.136752157933,48.31213201506441
1376.0615904713884,1553.76912067926,1393.3851211471847,46.51608834079753
1388.9145701296516,1583.1469313534615,1400.7462800981684,47.42356662679927
1409.7849550726503,1599.5301317812632,1393.7296349085016,45.62556042949316
1421.4095804643382,1538.5572976780702,1392.7042706677962,48.559162088345886
1393.7084787101217,1575.901350515168,1395.9158014986867,47.43590704589269
1411.3473253147415,1568.7358053191476,1392.8930800753299,49.97376959554681
1371.289098941188,1565.9608540340976,1406.8361831193633,50.58844757550464
1409.8917686167042,1587.704253045187,1392.6504812316462,48.14497917714972
1387.9407737790877,1602.4137141284518,1390.9708999295208,47.102637966811855
1404.6101842506196,1577.334425695417,1417.6792866683954,45.58090323181165
1396.2837137264044,1584.1097285512003,1409.6074001182403,48.357124704888236
1419.8062101467576,1582.2861750611848,1381.384866393408,47.31542684584284
1386.8834652749013,1580.0360701271284,1392.3523171014747,47.807052258731694
1409.4140944634275,1558.213147245758,1402.4246297172272,49.59468108118436
1395.807388050552,1602.168892034458,1403.237550672315,45.76336506700498
1397.625417829855,1585.9039073631768,1385.0950713426312,45.613543747277994
1397.242191602612,1587.8976298000516,1411.5856549282232,46.64536109244398
1387.3149034325884,1563.8698074194883,1408.2522441918163,48.231801724627736
1399.7885155114,1570.8155920402153,1404.8190163204033,47.83230086032173
1399.0602766681727,1576.4773160457844,1413.5672849071211,45.65646723245634
1403.618603726101,1549.317506131023,1404.5228999257092,48.134829351053725
1401.2675771853928,1546.2393134960464,1404.4858087925186,45.198180771660105
1411.9699182441836,1567.9850413872286,1415.5767927182224,45.74338748847671
1413.8526292407105,1590.4504153288478,1411.012195807277,46.82681402421622
1384.240650172583,1566.9372522014012,1391.5849254108846,46.16985313103717
1413.0315875088615,1559.6238960481858,1406.3319517867192,48.334789232976405
1382.2049535933522,1563.7062869352467,1393.3573213504142,47.429567724501645
1408.817838322066,1570.8931515370937,1405.0415455095028,49.64834176644089
1409.296081770543,1572.9228207435979,1404.766135070198,46.629221951968375
1371.3302466250625,1623.310429044131,1386.16532687544,46.816696773438885
1401.394688697941,1601.0924125697463,1398.7815438868897,48.815573913592644
1392.9725582995952,1600.4954822456345,1402.652570235804,46.86361879531431
1388.6185211309694,1603.3716072854677,1395.6370980900585,49.24100787156132
1420.262784960485,1560.023582613319,1403.1470994239075,47.811242315576735
1390.1948128904387,1555.5527077002553,1408.0589777700106,43.47082029517196
1387.9043460632292,1557.862594169319,1399.6940693576923,48.76635562122419
1401.1354241000763,1606.6901226667567,1402.2459947670825,48.36909021967971
1410.2838461944762,1569.0561642223502,1413.8342407855598,48.42699890916582
1397.875271209848,1554.9728763552143,1404.7319658322522,44.133532432182115
1417.4955581850388,1571.3800759956036,1402.0082428967448,46.00551505809343
1407.9646349294615,1575.2278893657074,1390.4192062035863,46.116942749664844
1367.3268302040285,1585.3682654738911,1406.7102601138886,45.738317948659414
1392.057995547395,1585.019020414241,1403.3014994939194,49.61288379784091
1391.5723685097246,1563.4363887225297,1412.837394337014,46.982348243264546
1407.1904143014413,1593.7131278502743,1400.4687854330332,46.945158586056245
1360.6277441543884,1567.216129324997,1381.83733499866,47.82801246547367
1438.2351456307658,1576.874473265899,1382.9987913117175,47.85395250183407
1407.9653914234132,1593.735481410067,1407.3568076375973,41.99766093406126
1402.2331520587654,1567.163571921113,1394.2980640230185,46.03046369427595
1417.7235157462871,1568.6129715283773,1404.367677511105,44.88081713331309
1435.1548107921894,1591.8333609938627,1401.1423264450236,47.60045913973223
1413.061199668826,1562.8453364678996,1398.3316033230608,46.56666137849893
1414.2321964470743,1572.3041595279185,1399.0363871441177,47.0230813467519
1401.9603503669657,1591.114843560858,1391.3461049495477,43.882220376664215
1397.8771136994958,1621.0818488287196,1399.8422231110032,46.535221662964254
1392.8630683399265,1592.108090095255,1394.155065672056,48.67269537774922
1387.6083201242818,1589.4527952598003,1396.277434798743,49.114174224653254
1389.6947885045076,1590.6160316734547,1396.7635095529083,48.07829512931105
1379.7416605348553,1558.536194518659,1397.7330673010129,44.99680205982782
1398.8619282397246,1582.311934773598,1409.2217345650708,48.88910270448819
1374.7299863416042,1579.4046702332719,1398.702091707953,48.086003382500024
1402.8637478621556,1586.4316908074552,1410.237023365901,46.824216448903194
1399.4550408793648,1582.3301610495175,1415.3785495132647,43.962445528235385
1402.2040294758003,1587.5939935483423,1408.5494465105614,48.43039242599377
1392.1680264497002,1573.770656102016,1405.344685350685,46.11175050502493
1446.1529055527076,1581.1721783474359,1403.2683220948352,47.519248731582174
1420.4017385027048,1555.44342867886,1408.6535870905007,47.10259079095499
1381.3318624987292,1573.6018544399417,1400.8936073859625,49.30759247665742
1403.4930213114035,1607.816670963533,1409.845698459572,46.81194952100374
1390.8799078559402,1586.376166792565,1406.1410580528968,46.97732961487108
1384.7828040993888,1579.5815792523385,1396.4015953921962,49.36792308571795
1379.898918933141,1617.9224655250869,1408.958508801028,46.01266663437472
1406.4832503613889,1552.7833004339784,1400.9148000597756,48.221484277111664
1389.7792964739565,1557.8108888910756,1398.9386799238769,46.702076415682306
1414.5173903603782,1614.2542282255254,1395.2380083960102,45.4961870569926
1414.9067332179566,1580.9192187209787,1401.6601884787458,47.00174148008131
1420.6087157781717,1575.148339274204,1409.9646261541297,48.03755767041198
1387.2141985088886,1556.0159134980872,1408.8894000559303,49.03056475996477
1407.13048416038,1588.9539253279002,1403.5339379745897,49.21204097801852
1409.4868132496345,1590.8891973905493,1405.9964364072503,46.557853888661704
1392.8873273734405,1558.1101127833022,1412.7169679152255,45.51912615195168
1388.4234206391068,1577.1944882889914,1398.5003370882914,46.52189165063378
1424.1428099866396,1573.2896833593386,1388.845799964698,45.22770387000477
1403.412438135981,1585.1195429283755,1413.0112985217856,46.67392070087524
1409.539516260676,1557.6149951555872,1394.7022174796928,46.487502074570365
1387.668859822581,1605.038949090263,1393.096618766561,48.09123530623515
1381.710733002167,1598.316475631952,1382.0380224466544,43.691097230128435
1391.4582533826183,1572.7364888253437,1405.712830531643,45.89958808087004
1398.13967918915,1575.6716257672326,1383.7854737544778,45.91172254333713
1384.0366998977397,1577.2715569944478,1392.4974119230826,48.780690878612035
1399.8523278702442,1564.43382893987,1405.8823679451507,45.32923343389847
1374.6724221789725,1571.1314116352992,1407.2192125240838,47.33998603947349
1383.1992886629519,1574.5945926465079,1393.4829585178177,46.80780737837033
1410.063668724153,1612.2573674141427,1398.658466730076,48.564563790254574
1409.0568578041684,1598.9323661666087,1391.2740547359385,47.89374779676582
1394.121848519197,1598.6930941467324,1394.5160321218882,47.18186559773057
1384.7335353638457,1587.3985122600877,1402.662152601529,46.167999688117895
1384.58894672711,1557.6534598213752,1394.9835332120354,44.221486245335186
1394.4009763108802,1579.1701779084524,1397.5578495982434,47.37062848353111
1409.6677773746794,1599.4097691922675,1385.3529331838242,47.795734697794806
1413.9236853701648,1554.8347074126543,1411.3295616480614,44.63769858128802
1392.5520239677705,1592.7310641374652,1405.1006659317106,45.149458753507176
1382.6976136102282,1626.4521845052552,1407.929053718372,47.378494960057516
1404.017654567995,1601.2363329197947,1412.9042532461685,47.50871252931181
1387.6469754406123,1608.2805827112397,1391.747871244543,45.51402903486191
1392.226210417082,1584.3667750088432,1396.4160551697198,46.13890292964794
1419.8791413565555,1599.3586389752998,1381.0516563241779,44.24526674214436
1412.4067314284864,1565.6429357129193,1431.4042291010223,49.06589585571985
1402.3696146837717,1595.9172762468245,1398.5041468468262,45.05018838894732
1380.9212149833093,1593.0877626812153,1410.3872789991492,47.813389086872824
1403.1709485120598,1585.7982234807532,1387.6183885566454,46.94755895576993
1415.939859361813,1606.3201483943699,1409.96388425643,48.93439042943714
1394.365495013517,1569.2243032430522,1418.5759087664967,45.81161886083787
1420.2667113498007,1576.2588496705268,1399.3971925097203,47.09187906551058
1419.391179342773,1581.9092408271658,1389.891185034104,44.452359636143974
1424.9559924821522,1559.407780578212,1398.6120359905447,44.09220974459037
1404.5786468979702,1584.538638876005,1377.7323847504276,47.89450037579821
1408.8108754970901,1545.6213917409232,1399.6211329897815,44.322461241395445
1421.2128093249664,1600.9390906885642,1408.20967139313,46.657673698348205
1406.7109090560346,1580.9327473313192,1399.642423556265,48.51694317195938
1392.4814883831468,1569.5821419219246,1397.1586044531102,48.12002728414202
1393.271857452082,1563.3125277540976,1405.2756811611202,46.00312176807711
1403.5783243066062,1575.3084194076162,1406.0402484694955,44.61724529538774
1380.6415786708067,1593.7651942154482,1383.4009443749483,47.764242292483296
1397.8511162695372,1590.9547795747512,1400.8882296227878,49.01338517429027
1416.4482067734539,1565.8892410544308,1424.3598512422925,46.006642882001564
1367.1311922325208,1563.0792065474473,1386.6498375435197,45.79503071238933
1423.0172315269176,1593.137974126393,1399.1458116716694,46.2126470556965
1416.8356132805475,1565.5530519076995,1419.417461220517,47.857413066210675
1393.103530762543,1581.1981954815901,1411.0417515654367,48.84277640962237
1408.1508624180772,1582.4750928504855,1394.8660331922395,45.14058978292922
1400.0472159035949,1586.2412426345347,1402.061353796226,44.75257728601302
1418.4498555265802,1597.1654086036374,1399.9788832001518,50.50999448289867
1414.7402471415492,1554.7407412626535,1392.5192819567833,46.73401581816494
1378.998939152255,1541.7768134947903,1399.257478925069,47.379339193535465
1408.8089362019628,1568.651054375433,1397.2003386719348,45.96210373907354
1396.9155821953514,1616.0305681566438,1401.1274893807674,47.734943464179075
1401.2424885577716,1620.4434820017475,1392.5161681930897,48.44009131205228
1389.0774214854528,1616.6235427113177,1387.2338179975534,47.4496942573594
1426.2220560368125,1576.140372644786,1399.5871922660763,49.611287115521655
1415.6009272985386,1544.3576983603034,1417.1511821817878,46.509883115088364
1388.9034325404054,1533.139217966963,1400.822029262628,46.60567629044694
1379.9808408963465,1567.7192367690118,1396.6840622106845,47.34710952691612
1394.2149105353324,1576.0385273970128,1407.540858050385,47.69744246825915
1406.5175396913696,1606.0125080211192,1398.4168038740463,47.34192089309391
1403.6030876591933,1597.3561091908489,1418.680329249591,45.07337745956736
1418.7969923715236,1584.5481015798325,1399.9608749070492,47.46877274929334
1411.8487958327128,1562.203104581177,1407.0049706315817,46.43873962279484
1414.5435353862936,1560.784408835102,1392.4539561760673,46.12853447888803
1404.9028310091567,1585.0825537414287,1405.0308925333666,47.04872308212987
1379.1605190468351,1593.9410195767946,1402.7509347694374,45.55771596900618
1397.0645220327965,1587.8376252449116,1399.434938753408,45.29691301419015
1415.90134609863,1559.308040807867,1394.982422388303,43.07679655999423
1399.2271560721304,1593.0133525758417,1393.6196983434763,49.62085599276484
1407.546355529356,1588.5182193420283,1402.8235266397965,47.833596978654505
1395.218775271308,1558.5866718761965,1406.2893910969647,46.824853818040545
1384.5528222718724,1564.3135805939949,1398.7283720370588,45.99916514467003
1398.1498390393083,1593.7699194912313,1402.872679291208,42.68595157693038
1404.63571164549,1575.309849297082,1399.6208532186722,45.907206685667774
1390.1646842080784,1611.7829460327291,1400.985260249054,48.073799505746116
1396.46433132715,1590.0225855212916,1397.9955501732277,48.4132614553908
1385.9080513702102,1570.2673762362147,1400.179725793683,47.963437990404955
1416.7886737634615,1579.7958879921814,1426.9804045681742,47.2375879336287
1395.5831636361795,1581.2676678527544,1403.1163429880742,48.95581121889707
1421.7913331768927,1565.4321937351658,1406.4529695843105,46.50719416686719
1422.9312177581137,1561.7482360364475,1404.380236053281,48.62778337420154
1398.7843105291738,1594.0277978761899,1397.3718317670293,46.42312633441968
1384.8732690117897,1596.9054659408419,1412.9398921329166,45.678288036683355
1368.711531834,1592.0756293910592,1397.0883622957365,45.49143052936622
1377.9194439045982,1610.306361886476,1410.5505454894255,45.40325536824057
1379.39247762652,1569.164535279768,1396.6579300193355,47.98860204320373
1420.6770444119227,1613.4854153214226,1390.4002748085595,45.88588164335438
1401.7373688084042,1561.981577628917,1403.6539620823619,45.450456732447584
1405.84406786138,1559.74628873263,1388.9533164389788,48.07060282949204
1366.6936848659732,1544.800822357015,1405.3564022501662,47.49195558570835
1382.0305035617412,1571.0840937234636,1388.0584134390867,48.443887974268705
1413.3061966466944,1569.9255532634108,1396.8099196952714,47.768899266909195
1404.3016116857389,1590.518745605093,1385.6827030347526,45.87033262970403
1397.791920819716,1584.877818832409,1428.2416700940273,47.11415362470288
1408.4726353790018,1556.1405325796172,1383.460404403837,47.187699486154514
1424.5369670920372,1572.1454752314837,1400.098137403964,45.621262012288994
1396.6843630469443,1572.5707595782462,1411.4330427433001,45.34306253885901
1401.040547039871,1544.4803550607621,1410.3638590858702,45.97891758632344
1402.8889537809696,1560.3810654597326,1408.5134212217313,50.05487353500812
1435.88164452911,1564.5837273877182,1396.8277161177853,46.38088385866768
1368.5096560337147,1608.6725003964189,1413.51088946337,48.84930018708007
1410.248345221832,1583.829014319147,1409.1339109080218,46.2970092357803
1398.2779662686141,1593.24337507895,1402.1229961766048,48.33325822930999
1408.5015758927627,1550.0272900570158,1402.405807577266,48.35373748333677
1390.1394116900792,1603.8842896602798,1396.9607735238462,48.428885761928065
1399.2655245371232,1606.022041260482,1390.9034797416696,47.581741013013435
1410.6711586919823,1540.0331006571075,1412.3715097547872,49.066049868171724
1446.6936530156577,1565.893665521683,1413.1220799360153,47.567530954029095
1412.120542841031,1589.9153114603102,1391.1589085897008,49.57029459401042
1387.2790160295424,1592.8877690707636,1398.462148348538,44.57012029521735
